insert into person (id, name) values (1, 'Amie Gain');
insert into person (id, name) values (2, 'Shepard Dodds');
insert into person (id, name) values (3, 'Nady Haydney');
insert into person (id, name) values (4, 'Andee Strowther');
insert into person (id, name) values (5, 'Vin Maudson');
insert into person (id, name) values (6, 'Lesley Jedrzejczak');
insert into person (id, name) values (7, 'Filbert Wilding');
insert into person (id, name) values (8, 'Walther Mangeot');
insert into person (id, name) values (9, 'Isaac Fulk');
insert into person (id, name) values (10, 'Agnese Molineaux');
insert into person (id, name) values (11, 'Katerine Bourtoumieux');
insert into person (id, name) values (12, 'Ingram Comfort');
insert into person (id, name) values (13, 'Effie Bevington');
insert into person (id, name) values (14, 'Renate Farnworth');
insert into person (id, name) values (15, 'Adah Ogbourne');
insert into person (id, name) values (16, 'Jonis Huke');
insert into person (id, name) values (17, 'Terri-jo Butland');
insert into person (id, name) values (18, 'Bea Woolmore');
insert into person (id, name) values (19, 'Tiphany Allston');
insert into person (id, name) values (20, 'Manfred Lundy');
insert into person (id, name) values (21, 'Rice Debell');
insert into person (id, name) values (22, 'Claresta Quipp');
insert into person (id, name) values (23, 'Hyman Garside');
insert into person (id, name) values (24, 'Niki Bryenton');
insert into person (id, name) values (25, 'Shea McNeish');
insert into person (id, name) values (26, 'Timofei Dowsing');
insert into person (id, name) values (27, 'Abbie Hubbart');
insert into person (id, name) values (28, 'Trev Edbrooke');
insert into person (id, name) values (29, 'Pammi Tomek');
insert into person (id, name) values (30, 'Jaimie Pratt');
insert into person (id, name) values (31, 'Courtney Bicksteth');
insert into person (id, name) values (32, 'Kelley Winterborne');
insert into person (id, name) values (33, 'Sileas Edmund');
insert into person (id, name) values (34, 'Ricky Jammes');
insert into person (id, name) values (35, 'Roshelle Critten');
insert into person (id, name) values (36, 'Shurlock MacRannell');
insert into person (id, name) values (37, 'Rabbi Killoran');
insert into person (id, name) values (38, 'Dulsea Smitheram');
insert into person (id, name) values (39, 'Raeann Parrot');
insert into person (id, name) values (40, 'Ceciley Hackford');
insert into person (id, name) values (41, 'Rudolfo Leeds');
insert into person (id, name) values (42, 'Dane Santino');
insert into person (id, name) values (43, 'Daven Kencott');
insert into person (id, name) values (44, 'Garner Rolph');
insert into person (id, name) values (45, 'Tabitha Broxton');
insert into person (id, name) values (46, 'Suzann Clarricoates');
insert into person (id, name) values (47, 'Verine Seint');
insert into person (id, name) values (48, 'Kristan Pettwood');
insert into person (id, name) values (49, 'Ulrick Elgram');
insert into person (id, name) values (50, 'Kingsley Ewdale');
insert into person (id, name) values (51, 'Yuma Cudbird');
insert into person (id, name) values (52, 'Heinrik Mattielli');
insert into person (id, name) values (53, 'Selia Rohfsen');
insert into person (id, name) values (54, 'Kordula MacCleod');
insert into person (id, name) values (55, 'Tremaine Shelvey');
insert into person (id, name) values (56, 'Crosby Tarzey');
insert into person (id, name) values (57, 'Dorie Dollman');
insert into person (id, name) values (58, 'Christy Gulleford');
insert into person (id, name) values (59, 'Mark Gheorghie');
insert into person (id, name) values (60, 'Klemens Yerrington');
insert into person (id, name) values (61, 'Alley Fitzroy');
insert into person (id, name) values (62, 'Sharona Beckensall');
insert into person (id, name) values (63, 'Nikolas Hutley');
insert into person (id, name) values (64, 'Shay Keppel');
insert into person (id, name) values (65, 'West Aldrick');
insert into person (id, name) values (66, 'Hedwig Petasch');
insert into person (id, name) values (67, 'Jillane Dutnall');
insert into person (id, name) values (68, 'Delaney Fantini');
insert into person (id, name) values (69, 'Maegan Larkcum');
insert into person (id, name) values (70, 'Cahra Netti');
insert into person (id, name) values (71, 'Robinette Masding');
insert into person (id, name) values (72, 'Kathye Osgarby');
insert into person (id, name) values (73, 'Ronnie Lote');
insert into person (id, name) values (74, 'Roseanne Vasyunkin');
insert into person (id, name) values (75, 'Tammy Ottley');
insert into person (id, name) values (76, 'Christy Zannotelli');
insert into person (id, name) values (77, 'Joannes Ramet');
insert into person (id, name) values (78, 'Hilda Slatcher');
insert into person (id, name) values (79, 'Trix Browse');
insert into person (id, name) values (80, 'Gilligan Le Houx');
insert into person (id, name) values (81, 'Padraic Chatelain');
insert into person (id, name) values (82, 'Brew Ikringill');
insert into person (id, name) values (83, 'Charissa Edlyn');
insert into person (id, name) values (84, 'Karlan Patrick');
insert into person (id, name) values (85, 'Oneida Marle');
insert into person (id, name) values (86, 'Ruth Sapseed');
insert into person (id, name) values (87, 'Valle Keddie');
insert into person (id, name) values (88, 'Saundra Teodorski');
insert into person (id, name) values (89, 'Dollie Dupree');
insert into person (id, name) values (90, 'Billy Philpotts');
insert into person (id, name) values (91, 'Blondy Allon');
insert into person (id, name) values (92, 'Carlynn Garshore');
insert into person (id, name) values (93, 'Gloria MacLure');
insert into person (id, name) values (94, 'Suzy MacAulay');
insert into person (id, name) values (95, 'Isabelle Walkling');
insert into person (id, name) values (96, 'Tynan Trouncer');
insert into person (id, name) values (97, 'Marieann Kingscott');
insert into person (id, name) values (98, 'Amie Cordelette');
insert into person (id, name) values (99, 'Gennie Malden');
insert into person (id, name) values (100, 'Bobbie Baudasso');

insert into spending_category (id, name) values (1, 'health care');
insert into spending_category (id, name) values (2, 'consumer services');
insert into spending_category (id, name) values (3, 'consumer durables');
insert into spending_category (id, name) values (4, 'basic industries');
insert into spending_category (id, name) values (5, 'health services');

insert into transaction (id, amount, comment, date, person_id, category_id) values (1, -5763, 'Savings Institutions', '2021-01-01', 92, 2);
insert into transaction (id, amount, comment, date, person_id, category_id) values (2, 8169, 'Major Chemicals', '2021-01-06', 79, 1);
insert into transaction (id, amount, comment, date, person_id, category_id) values (3, -7546, 'EDP Services', '2020-04-11', 23, 1);
insert into transaction (id, amount, comment, date, person_id, category_id) values (4, 1978, 'Business Services', '2020-10-21', 37, 1);
insert into transaction (id, amount, comment, date, person_id, category_id) values (5, -5668, 'Marine Transportation', '2020-05-03', 54, 2);
insert into transaction (id, amount, comment, date, person_id, category_id) values (6, -1841, 'Building Materials', '2021-01-10', 11, 1);
insert into transaction (id, amount, comment, date, person_id, category_id) values (7, -760, 'Real Estate', '2020-08-23', 61, 3);
insert into transaction (id, amount, comment, date, person_id, category_id) values (8, 527, 'Biotechnology: Biological Products (No Diagnostic Substances)', '2020-03-31', 59, 1);
insert into transaction (id, amount, comment, date, person_id, category_id) values (9, 3602, 'Homebuilding', '2020-01-30', 94, 1);
insert into transaction (id, amount, comment, date, person_id, category_id) values (10, -4387, 'n/a', '2020-04-23', 78, 4);
insert into transaction (id, amount, comment, date, person_id, category_id) values (11, 1676, 'Industrial Specialties', '2020-08-06', 17, 3);
insert into transaction (id, amount, comment, date, person_id, category_id) values (12, -9033, 'Major Chemicals', '2020-10-20', 64, 5);
insert into transaction (id, amount, comment, date, person_id, category_id) values (13, -6253, 'Office Equipment/Supplies/Services', '2020-11-17', 12, 1);
insert into transaction (id, amount, comment, date, person_id, category_id) values (14, 1231, 'Specialty Chemicals', '2020-08-13', 9, 4);
insert into transaction (id, amount, comment, date, person_id, category_id) values (15, -5685, 'Property-Casualty Insurers', '2020-07-05', 41, 4);
insert into transaction (id, amount, comment, date, person_id, category_id) values (16, 1826, 'Power Generation', '2020-06-04', 79, 3);
insert into transaction (id, amount, comment, date, person_id, category_id) values (17, -3374, 'n/a', '2021-03-12', 31, 2);
insert into transaction (id, amount, comment, date, person_id, category_id) values (18, -8150, 'n/a', '2020-05-10', 27, 2);
insert into transaction (id, amount, comment, date, person_id, category_id) values (19, 4521, 'Computer Software: Prepackaged Software', '2020-04-07', 34, 2);
insert into transaction (id, amount, comment, date, person_id, category_id) values (20, -4753, 'Real Estate Investment Trusts', '2020-12-27', 14, 1);
insert into transaction (id, amount, comment, date, person_id, category_id) values (21, -530, 'Telecommunications Equipment', '2021-02-28', 80, 5);
insert into transaction (id, amount, comment, date, person_id, category_id) values (22, 9242, 'Business Services', '2020-10-27', 99, 1);
insert into transaction (id, amount, comment, date, person_id, category_id) values (23, 6238, 'n/a', '2020-10-11', 37, 4);
insert into transaction (id, amount, comment, date, person_id, category_id) values (24, -9774, 'Real Estate Investment Trusts', '2020-06-03', 4, 2);
insert into transaction (id, amount, comment, date, person_id, category_id) values (25, -6255, 'n/a', '2020-07-03', 32, 4);
insert into transaction (id, amount, comment, date, person_id, category_id) values (26, 8458, 'Finance: Consumer Services', '2020-05-06', 28, 2);
insert into transaction (id, amount, comment, date, person_id, category_id) values (27, 3493, 'n/a', '2020-04-14', 68, 4);
insert into transaction (id, amount, comment, date, person_id, category_id) values (28, 4608, 'Investment Managers', '2020-11-07', 5, 3);
insert into transaction (id, amount, comment, date, person_id, category_id) values (29, 4328, 'Restaurants', '2020-08-07', 17, 1);
insert into transaction (id, amount, comment, date, person_id, category_id) values (30, -6146, 'Plastic Products', '2020-05-23', 83, 3);
insert into transaction (id, amount, comment, date, person_id, category_id) values (31, 8470, 'Precious Metals', '2020-06-13', 100, 4);
insert into transaction (id, amount, comment, date, person_id, category_id) values (32, 6609, 'Ordnance And Accessories', '2021-01-09', 34, 4);
insert into transaction (id, amount, comment, date, person_id, category_id) values (33, -1846, 'n/a', '2020-09-15', 42, 3);
insert into transaction (id, amount, comment, date, person_id, category_id) values (34, 5406, 'Major Chemicals', '2020-05-22', 36, 5);
insert into transaction (id, amount, comment, date, person_id, category_id) values (35, -677, 'Integrated oil Companies', '2020-05-14', 18, 1);
insert into transaction (id, amount, comment, date, person_id, category_id) values (36, 5665, 'Semiconductors', '2020-06-18', 47, 3);
insert into transaction (id, amount, comment, date, person_id, category_id) values (37, -8847, 'n/a', '2020-07-31', 55, 2);
insert into transaction (id, amount, comment, date, person_id, category_id) values (38, 3106, 'n/a', '2020-04-07', 26, 5);
insert into transaction (id, amount, comment, date, person_id, category_id) values (39, 1542, 'n/a', '2020-04-29', 26, 5);
insert into transaction (id, amount, comment, date, person_id, category_id) values (40, -2597, 'n/a', '2020-11-09', 10, 1);
insert into transaction (id, amount, comment, date, person_id, category_id) values (41, -4094, 'Major Banks', '2021-03-19', 15, 1);
insert into transaction (id, amount, comment, date, person_id, category_id) values (42, -927, 'Home Furnishings', '2020-01-17', 53, 2);
insert into transaction (id, amount, comment, date, person_id, category_id) values (43, 390, 'n/a', '2020-09-23', 7, 2);
insert into transaction (id, amount, comment, date, person_id, category_id) values (44, -5673, 'Oil & Gas Production', '2020-06-29', 14, 2);
insert into transaction (id, amount, comment, date, person_id, category_id) values (45, 7807, 'Major Pharmaceuticals', '2020-05-11', 23, 4);
insert into transaction (id, amount, comment, date, person_id, category_id) values (46, -7700, 'n/a', '2020-05-11', 24, 3);
insert into transaction (id, amount, comment, date, person_id, category_id) values (47, -5226, 'n/a', '2020-11-09', 76, 2);
insert into transaction (id, amount, comment, date, person_id, category_id) values (48, -4012, 'n/a', '2021-03-01', 5, 1);
insert into transaction (id, amount, comment, date, person_id, category_id) values (49, 4483, 'Finance: Consumer Services', '2021-01-01', 65, 3);
insert into transaction (id, amount, comment, date, person_id, category_id) values (50, 1565, 'Business Services', '2020-05-26', 79, 3);
insert into transaction (id, amount, comment, date, person_id, category_id) values (51, 3820, 'Consumer Electronics/Appliances', '2020-06-06', 53, 1);
insert into transaction (id, amount, comment, date, person_id, category_id) values (52, -636, 'Industrial Machinery/Components', '2020-01-20', 64, 5);
insert into transaction (id, amount, comment, date, person_id, category_id) values (53, -4689, 'Major Banks', '2021-02-23', 84, 3);
insert into transaction (id, amount, comment, date, person_id, category_id) values (54, -41, 'Major Pharmaceuticals', '2020-08-29', 15, 2);
insert into transaction (id, amount, comment, date, person_id, category_id) values (55, -5752, 'Restaurants', '2020-04-25', 16, 5);
insert into transaction (id, amount, comment, date, person_id, category_id) values (56, 3062, 'Major Pharmaceuticals', '2020-09-30', 39, 2);
insert into transaction (id, amount, comment, date, person_id, category_id) values (57, -5577, 'Clothing/Shoe/Accessory Stores', '2020-12-25', 26, 1);
insert into transaction (id, amount, comment, date, person_id, category_id) values (58, -926, 'Electric Utilities: Central', '2020-05-22', 76, 3);
insert into transaction (id, amount, comment, date, person_id, category_id) values (59, 1626, 'Home Furnishings', '2020-12-04', 16, 5);
insert into transaction (id, amount, comment, date, person_id, category_id) values (60, 5842, 'Motor Vehicles', '2020-10-30', 73, 4);
insert into transaction (id, amount, comment, date, person_id, category_id) values (61, -6995, 'Oil & Gas Production', '2020-12-08', 97, 3);
insert into transaction (id, amount, comment, date, person_id, category_id) values (62, -6818, 'Biotechnology: Commercial Physical & Biological Resarch', '2020-10-30', 65, 2);
insert into transaction (id, amount, comment, date, person_id, category_id) values (63, -9128, 'Water Supply', '2021-03-19', 15, 5);
insert into transaction (id, amount, comment, date, person_id, category_id) values (64, -6313, 'Major Pharmaceuticals', '2020-02-14', 81, 1);
insert into transaction (id, amount, comment, date, person_id, category_id) values (65, -4737, 'Agricultural Chemicals', '2020-03-06', 61, 3);
insert into transaction (id, amount, comment, date, person_id, category_id) values (66, 6750, 'Medical/Dental Instruments', '2020-01-02', 2, 1);
insert into transaction (id, amount, comment, date, person_id, category_id) values (67, 4972, 'Shoe Manufacturing', '2020-01-02', 50, 4);
insert into transaction (id, amount, comment, date, person_id, category_id) values (68, -8113, 'Industrial Machinery/Components', '2020-01-09', 74, 3);
insert into transaction (id, amount, comment, date, person_id, category_id) values (69, -6782, 'Broadcasting', '2021-03-15', 43, 4);
insert into transaction (id, amount, comment, date, person_id, category_id) values (70, -1200, 'Business Services', '2020-11-20', 64, 3);
insert into transaction (id, amount, comment, date, person_id, category_id) values (71, 6601, 'Military/Government/Technical', '2020-12-29', 82, 2);
insert into transaction (id, amount, comment, date, person_id, category_id) values (72, -1938, 'Computer peripheral equipment', '2020-07-16', 37, 4);
insert into transaction (id, amount, comment, date, person_id, category_id) values (73, -6660, 'EDP Services', '2020-02-20', 51, 3);
insert into transaction (id, amount, comment, date, person_id, category_id) values (74, -3129, 'Business Services', '2020-10-27', 96, 5);
insert into transaction (id, amount, comment, date, person_id, category_id) values (75, 8132, 'Major Banks', '2020-07-19', 73, 1);
insert into transaction (id, amount, comment, date, person_id, category_id) values (76, 850, 'Oil & Gas Production', '2020-08-20', 39, 4);
insert into transaction (id, amount, comment, date, person_id, category_id) values (77, 507, 'n/a', '2020-05-27', 94, 5);
insert into transaction (id, amount, comment, date, person_id, category_id) values (78, 1793, 'Homebuilding', '2020-09-17', 86, 1);
insert into transaction (id, amount, comment, date, person_id, category_id) values (79, 435, 'Medical Specialities', '2020-02-06', 36, 2);
insert into transaction (id, amount, comment, date, person_id, category_id) values (80, -7921, 'n/a', '2021-03-19', 69, 1);
insert into transaction (id, amount, comment, date, person_id, category_id) values (81, 3965, 'Oil Refining/Marketing', '2020-01-27', 41, 2);
insert into transaction (id, amount, comment, date, person_id, category_id) values (82, -3142, 'Medical/Dental Instruments', '2020-02-17', 25, 4);
insert into transaction (id, amount, comment, date, person_id, category_id) values (83, 1828, 'Environmental Services', '2020-09-25', 32, 1);
insert into transaction (id, amount, comment, date, person_id, category_id) values (84, 4158, 'n/a', '2020-11-24', 90, 1);
insert into transaction (id, amount, comment, date, person_id, category_id) values (85, -8032, 'Real Estate Investment Trusts', '2020-09-05', 31, 1);
insert into transaction (id, amount, comment, date, person_id, category_id) values (86, -9113, 'Major Banks', '2020-05-12', 43, 1);
insert into transaction (id, amount, comment, date, person_id, category_id) values (87, -202, 'Major Pharmaceuticals', '2020-02-08', 18, 1);
insert into transaction (id, amount, comment, date, person_id, category_id) values (88, -7483, 'Restaurants', '2020-04-08', 32, 3);
insert into transaction (id, amount, comment, date, person_id, category_id) values (89, -5998, 'Semiconductors', '2021-03-23', 10, 3);
insert into transaction (id, amount, comment, date, person_id, category_id) values (90, -6919, 'Paper', '2020-01-03', 53, 5);
insert into transaction (id, amount, comment, date, person_id, category_id) values (91, -7531, 'Real Estate Investment Trusts', '2021-01-03', 17, 1);
insert into transaction (id, amount, comment, date, person_id, category_id) values (92, -9553, 'Publishing', '2020-09-02', 75, 2);
insert into transaction (id, amount, comment, date, person_id, category_id) values (93, 1384, 'n/a', '2020-01-14', 34, 4);
insert into transaction (id, amount, comment, date, person_id, category_id) values (94, -2239, 'Telecommunications Equipment', '2020-11-16', 76, 5);
insert into transaction (id, amount, comment, date, person_id, category_id) values (95, -7992, 'EDP Services', '2021-02-04', 16, 3);
insert into transaction (id, amount, comment, date, person_id, category_id) values (96, 5370, 'Major Pharmaceuticals', '2020-01-21', 67, 3);
insert into transaction (id, amount, comment, date, person_id, category_id) values (97, 719, 'n/a', '2021-02-03', 14, 2);
insert into transaction (id, amount, comment, date, person_id, category_id) values (98, 8517, 'Rental/Leasing Companies', '2020-07-01', 92, 2);
insert into transaction (id, amount, comment, date, person_id, category_id) values (99, -4849, 'Real Estate Investment Trusts', '2021-01-07', 64, 5);
insert into transaction (id, amount, comment, date, person_id, category_id) values (100, 1382, 'Industrial Machinery/Components', '2020-04-16', 7, 1);
insert into transaction (id, amount, comment, date, person_id, category_id) values (101, -3024, 'n/a', '2020-03-20', 94, 2);
insert into transaction (id, amount, comment, date, person_id, category_id) values (102, -980, 'Meat/Poultry/Fish', '2020-05-29', 48, 1);
insert into transaction (id, amount, comment, date, person_id, category_id) values (103, -790, 'n/a', '2021-03-08', 90, 1);
insert into transaction (id, amount, comment, date, person_id, category_id) values (104, -5947, 'Marine Transportation', '2020-09-03', 68, 1);
insert into transaction (id, amount, comment, date, person_id, category_id) values (105, 1664, 'n/a', '2020-03-21', 10, 1);
insert into transaction (id, amount, comment, date, person_id, category_id) values (106, -9443, 'Major Pharmaceuticals', '2020-02-15', 56, 2);
insert into transaction (id, amount, comment, date, person_id, category_id) values (107, -209, 'n/a', '2020-02-17', 6, 5);
insert into transaction (id, amount, comment, date, person_id, category_id) values (108, -6639, 'Business Services', '2020-01-07', 96, 2);
insert into transaction (id, amount, comment, date, person_id, category_id) values (109, -6720, 'Semiconductors', '2020-10-08', 45, 3);
insert into transaction (id, amount, comment, date, person_id, category_id) values (110, -8560, 'Farming/Seeds/Milling', '2020-11-18', 72, 3);
insert into transaction (id, amount, comment, date, person_id, category_id) values (111, 7657, 'Marine Transportation', '2020-12-11', 43, 4);
insert into transaction (id, amount, comment, date, person_id, category_id) values (112, 8170, 'Major Banks', '2021-03-20', 23, 4);
insert into transaction (id, amount, comment, date, person_id, category_id) values (113, -289, 'Computer Software: Prepackaged Software', '2021-01-11', 68, 4);
insert into transaction (id, amount, comment, date, person_id, category_id) values (114, -8227, 'n/a', '2020-12-06', 85, 5);
insert into transaction (id, amount, comment, date, person_id, category_id) values (115, 426, 'Auto Parts:O.E.M.', '2020-06-16', 30, 2);
insert into transaction (id, amount, comment, date, person_id, category_id) values (116, -7246, 'Food Chains', '2020-07-14', 75, 4);
insert into transaction (id, amount, comment, date, person_id, category_id) values (117, -7412, 'Hotels/Resorts', '2020-11-18', 46, 5);
insert into transaction (id, amount, comment, date, person_id, category_id) values (118, -6874, 'Biotechnology: Biological Products (No Diagnostic Substances)', '2020-06-17', 20, 5);
insert into transaction (id, amount, comment, date, person_id, category_id) values (119, -3108, 'n/a', '2020-08-12', 89, 3);
insert into transaction (id, amount, comment, date, person_id, category_id) values (120, -7587, 'n/a', '2020-03-18', 60, 5);
insert into transaction (id, amount, comment, date, person_id, category_id) values (121, 3868, 'Paper', '2020-05-31', 13, 3);
insert into transaction (id, amount, comment, date, person_id, category_id) values (122, -3431, 'Specialty Chemicals', '2020-06-02', 20, 5);
insert into transaction (id, amount, comment, date, person_id, category_id) values (123, -1700, 'Agricultural Chemicals', '2020-06-17', 19, 5);
insert into transaction (id, amount, comment, date, person_id, category_id) values (124, 4007, 'Major Chemicals', '2020-10-20', 8, 3);
insert into transaction (id, amount, comment, date, person_id, category_id) values (125, -8034, 'Major Chemicals', '2020-06-26', 29, 3);
insert into transaction (id, amount, comment, date, person_id, category_id) values (126, -5668, 'Computer Manufacturing', '2021-03-19', 31, 1);
insert into transaction (id, amount, comment, date, person_id, category_id) values (127, 4397, 'Multi-Sector Companies', '2020-05-04', 79, 2);
insert into transaction (id, amount, comment, date, person_id, category_id) values (128, 4461, 'Life Insurance', '2021-02-02', 90, 5);
insert into transaction (id, amount, comment, date, person_id, category_id) values (129, -9134, 'Major Banks', '2020-02-10', 27, 3);
insert into transaction (id, amount, comment, date, person_id, category_id) values (130, -1349, 'n/a', '2021-02-28', 33, 2);
insert into transaction (id, amount, comment, date, person_id, category_id) values (131, 82, 'n/a', '2021-01-15', 15, 5);
insert into transaction (id, amount, comment, date, person_id, category_id) values (132, -4092, 'n/a', '2020-11-10', 66, 1);
insert into transaction (id, amount, comment, date, person_id, category_id) values (133, 5145, 'Hotels/Resorts', '2020-08-02', 78, 2);
insert into transaction (id, amount, comment, date, person_id, category_id) values (134, -7365, 'Consumer Specialties', '2021-01-30', 49, 2);
insert into transaction (id, amount, comment, date, person_id, category_id) values (135, 9295, 'Air Freight/Delivery Services', '2020-12-04', 96, 4);
insert into transaction (id, amount, comment, date, person_id, category_id) values (136, 6638, 'Other Consumer Services', '2021-01-12', 32, 1);
insert into transaction (id, amount, comment, date, person_id, category_id) values (137, -8272, 'n/a', '2020-10-24', 45, 3);
insert into transaction (id, amount, comment, date, person_id, category_id) values (138, -6472, 'Major Banks', '2021-01-28', 89, 4);
insert into transaction (id, amount, comment, date, person_id, category_id) values (139, -5947, 'Medical/Dental Instruments', '2020-04-14', 73, 5);
insert into transaction (id, amount, comment, date, person_id, category_id) values (140, 8821, 'Specialty Insurers', '2020-02-28', 90, 3);
insert into transaction (id, amount, comment, date, person_id, category_id) values (141, -2137, 'Property-Casualty Insurers', '2020-09-16', 4, 4);
insert into transaction (id, amount, comment, date, person_id, category_id) values (142, -1930, 'Hotels/Resorts', '2021-02-17', 44, 2);
insert into transaction (id, amount, comment, date, person_id, category_id) values (143, -2348, 'Professional Services', '2020-09-21', 65, 3);
insert into transaction (id, amount, comment, date, person_id, category_id) values (144, 479, 'n/a', '2020-12-15', 67, 3);
insert into transaction (id, amount, comment, date, person_id, category_id) values (145, 2035, 'Major Chemicals', '2020-09-08', 11, 1);
insert into transaction (id, amount, comment, date, person_id, category_id) values (146, 3190, 'Biotechnology: Commercial Physical & Biological Resarch', '2020-03-11', 72, 1);
insert into transaction (id, amount, comment, date, person_id, category_id) values (147, -3769, 'Paper', '2020-10-04', 34, 2);
insert into transaction (id, amount, comment, date, person_id, category_id) values (148, 1900, 'Banks', '2021-03-20', 80, 5);
insert into transaction (id, amount, comment, date, person_id, category_id) values (149, 9234, 'Medical/Dental Instruments', '2020-01-05', 21, 1);
insert into transaction (id, amount, comment, date, person_id, category_id) values (150, 4805, 'n/a', '2020-02-06', 53, 3);
insert into transaction (id, amount, comment, date, person_id, category_id) values (151, -7780, 'Integrated oil Companies', '2021-01-13', 39, 3);
insert into transaction (id, amount, comment, date, person_id, category_id) values (152, 33, 'Major Chemicals', '2020-02-01', 38, 1);
insert into transaction (id, amount, comment, date, person_id, category_id) values (153, -2163, 'Major Banks', '2020-09-06', 51, 4);
insert into transaction (id, amount, comment, date, person_id, category_id) values (154, -6868, 'n/a', '2020-07-27', 66, 3);
insert into transaction (id, amount, comment, date, person_id, category_id) values (155, -9128, 'n/a', '2020-07-23', 14, 4);
insert into transaction (id, amount, comment, date, person_id, category_id) values (156, -7517, 'n/a', '2020-11-25', 57, 3);
insert into transaction (id, amount, comment, date, person_id, category_id) values (157, 2592, 'Restaurants', '2020-09-04', 80, 1);
insert into transaction (id, amount, comment, date, person_id, category_id) values (158, -1546, 'Computer Software: Prepackaged Software', '2020-06-15', 60, 4);
insert into transaction (id, amount, comment, date, person_id, category_id) values (159, 5728, 'Business Services', '2020-06-29', 76, 3);
insert into transaction (id, amount, comment, date, person_id, category_id) values (160, 8192, 'Medical/Dental Instruments', '2020-08-31', 15, 3);
insert into transaction (id, amount, comment, date, person_id, category_id) values (161, -9571, 'n/a', '2021-01-19', 37, 3);
insert into transaction (id, amount, comment, date, person_id, category_id) values (162, 2537, 'Major Pharmaceuticals', '2020-01-15', 35, 3);
insert into transaction (id, amount, comment, date, person_id, category_id) values (163, 6840, 'Oil & Gas Production', '2020-11-14', 2, 5);
insert into transaction (id, amount, comment, date, person_id, category_id) values (164, -8380, 'n/a', '2020-05-27', 60, 2);
insert into transaction (id, amount, comment, date, person_id, category_id) values (165, 5317, 'Oil & Gas Production', '2020-09-14', 14, 2);
insert into transaction (id, amount, comment, date, person_id, category_id) values (166, -7319, 'Major Banks', '2020-09-28', 58, 2);
insert into transaction (id, amount, comment, date, person_id, category_id) values (167, -4606, 'Real Estate', '2020-07-21', 89, 2);
insert into transaction (id, amount, comment, date, person_id, category_id) values (168, -8586, 'Computer Software: Prepackaged Software', '2020-03-02', 55, 2);
insert into transaction (id, amount, comment, date, person_id, category_id) values (169, 7108, 'Catalog/Specialty Distribution', '2020-08-07', 49, 2);
insert into transaction (id, amount, comment, date, person_id, category_id) values (170, 194, 'Property-Casualty Insurers', '2020-08-25', 9, 4);
insert into transaction (id, amount, comment, date, person_id, category_id) values (171, 9443, 'Railroads', '2020-04-30', 22, 3);
insert into transaction (id, amount, comment, date, person_id, category_id) values (172, -8342, 'n/a', '2020-12-05', 4, 1);
insert into transaction (id, amount, comment, date, person_id, category_id) values (173, 3209, 'n/a', '2020-07-13', 93, 4);
insert into transaction (id, amount, comment, date, person_id, category_id) values (174, -4155, 'Major Pharmaceuticals', '2020-01-22', 81, 1);
insert into transaction (id, amount, comment, date, person_id, category_id) values (175, -8162, 'Oil & Gas Production', '2020-06-12', 11, 1);
insert into transaction (id, amount, comment, date, person_id, category_id) values (176, -7638, 'Major Pharmaceuticals', '2020-08-05', 81, 3);
insert into transaction (id, amount, comment, date, person_id, category_id) values (177, 548, 'EDP Services', '2020-02-03', 59, 4);
insert into transaction (id, amount, comment, date, person_id, category_id) values (178, -4209, 'Hospital/Nursing Management', '2020-11-13', 80, 3);
insert into transaction (id, amount, comment, date, person_id, category_id) values (179, 5096, 'Property-Casualty Insurers', '2020-05-18', 67, 4);
insert into transaction (id, amount, comment, date, person_id, category_id) values (180, 4851, 'Major Pharmaceuticals', '2020-02-19', 24, 1);
insert into transaction (id, amount, comment, date, person_id, category_id) values (181, -2173, 'Major Pharmaceuticals', '2020-08-09', 33, 5);
insert into transaction (id, amount, comment, date, person_id, category_id) values (182, -4779, 'Major Banks', '2020-12-14', 21, 5);
insert into transaction (id, amount, comment, date, person_id, category_id) values (183, 9521, 'Television Services', '2021-04-04', 68, 1);
insert into transaction (id, amount, comment, date, person_id, category_id) values (184, 7064, 'Major Pharmaceuticals', '2021-04-02', 93, 3);
insert into transaction (id, amount, comment, date, person_id, category_id) values (185, 466, 'n/a', '2021-01-15', 6, 2);
insert into transaction (id, amount, comment, date, person_id, category_id) values (186, -6635, 'n/a', '2021-01-28', 8, 2);
insert into transaction (id, amount, comment, date, person_id, category_id) values (187, 1541, 'Farming/Seeds/Milling', '2020-09-19', 98, 1);
insert into transaction (id, amount, comment, date, person_id, category_id) values (188, -717, 'n/a', '2020-10-11', 65, 3);
insert into transaction (id, amount, comment, date, person_id, category_id) values (189, 5708, 'Restaurants', '2020-12-04', 94, 3);
insert into transaction (id, amount, comment, date, person_id, category_id) values (190, 2391, 'Commercial Banks', '2020-05-09', 90, 4);
insert into transaction (id, amount, comment, date, person_id, category_id) values (191, 7921, 'Farming/Seeds/Milling', '2021-03-28', 72, 2);
insert into transaction (id, amount, comment, date, person_id, category_id) values (192, 7643, 'Major Pharmaceuticals', '2020-01-14', 46, 5);
insert into transaction (id, amount, comment, date, person_id, category_id) values (193, 4712, 'n/a', '2020-05-12', 70, 2);
insert into transaction (id, amount, comment, date, person_id, category_id) values (194, -4354, 'n/a', '2020-06-19', 21, 3);
insert into transaction (id, amount, comment, date, person_id, category_id) values (195, -9717, 'Marine Transportation', '2020-06-04', 74, 1);
insert into transaction (id, amount, comment, date, person_id, category_id) values (196, -6450, 'n/a', '2020-08-11', 77, 4);
insert into transaction (id, amount, comment, date, person_id, category_id) values (197, -3377, 'Trucking Freight/Courier Services', '2020-02-09', 94, 4);
insert into transaction (id, amount, comment, date, person_id, category_id) values (198, -1989, 'Hotels/Resorts', '2020-03-09', 38, 3);
insert into transaction (id, amount, comment, date, person_id, category_id) values (199, 380, 'Industrial Machinery/Components', '2021-04-03', 44, 5);
insert into transaction (id, amount, comment, date, person_id, category_id) values (200, 9206, 'Investment Bankers/Brokers/Service', '2021-01-02', 29, 1);
insert into transaction (id, amount, comment, date, person_id, category_id) values (201, 8182, 'Clothing/Shoe/Accessory Stores', '2020-03-06', 66, 4);
insert into transaction (id, amount, comment, date, person_id, category_id) values (202, 4777, 'n/a', '2021-01-01', 72, 3);
insert into transaction (id, amount, comment, date, person_id, category_id) values (203, -3270, 'Major Pharmaceuticals', '2020-02-14', 58, 3);
insert into transaction (id, amount, comment, date, person_id, category_id) values (204, 7233, 'Telecommunications Equipment', '2020-01-17', 50, 2);
insert into transaction (id, amount, comment, date, person_id, category_id) values (205, -7947, 'Packaged Foods', '2020-03-30', 84, 4);
insert into transaction (id, amount, comment, date, person_id, category_id) values (206, 8341, 'Major Banks', '2020-02-17', 1, 3);
insert into transaction (id, amount, comment, date, person_id, category_id) values (207, 802, 'Major Pharmaceuticals', '2020-09-09', 71, 1);
insert into transaction (id, amount, comment, date, person_id, category_id) values (208, 3335, 'Precious Metals', '2020-03-12', 99, 1);
insert into transaction (id, amount, comment, date, person_id, category_id) values (209, -6709, 'Real Estate Investment Trusts', '2020-03-23', 78, 3);
insert into transaction (id, amount, comment, date, person_id, category_id) values (210, -9733, 'Major Pharmaceuticals', '2021-01-22', 75, 2);
insert into transaction (id, amount, comment, date, person_id, category_id) values (211, 9644, 'Property-Casualty Insurers', '2020-04-26', 34, 3);
insert into transaction (id, amount, comment, date, person_id, category_id) values (212, -1440, 'Marine Transportation', '2021-01-31', 84, 4);
insert into transaction (id, amount, comment, date, person_id, category_id) values (213, -2706, 'Specialty Chemicals', '2020-04-08', 68, 5);
insert into transaction (id, amount, comment, date, person_id, category_id) values (214, -5925, 'Medical/Dental Instruments', '2020-01-12', 66, 2);
insert into transaction (id, amount, comment, date, person_id, category_id) values (215, -7466, 'Books', '2020-01-15', 12, 4);
insert into transaction (id, amount, comment, date, person_id, category_id) values (216, -4779, 'Precision Instruments', '2020-09-21', 8, 4);
insert into transaction (id, amount, comment, date, person_id, category_id) values (217, 7492, 'Business Services', '2020-03-02', 55, 5);
insert into transaction (id, amount, comment, date, person_id, category_id) values (218, -9952, 'Industrial Specialties', '2020-06-03', 9, 2);
insert into transaction (id, amount, comment, date, person_id, category_id) values (219, 4150, 'Semiconductors', '2020-01-15', 21, 1);
insert into transaction (id, amount, comment, date, person_id, category_id) values (220, -9230, 'Major Pharmaceuticals', '2020-03-12', 17, 2);
insert into transaction (id, amount, comment, date, person_id, category_id) values (221, -177, 'Real Estate Investment Trusts', '2021-02-25', 58, 2);
insert into transaction (id, amount, comment, date, person_id, category_id) values (222, 7301, 'n/a', '2020-01-12', 7, 4);
insert into transaction (id, amount, comment, date, person_id, category_id) values (223, -8770, 'Computer Software: Programming, Data Processing', '2021-01-13', 93, 5);
insert into transaction (id, amount, comment, date, person_id, category_id) values (224, -1408, 'Major Pharmaceuticals', '2020-11-03', 97, 4);
insert into transaction (id, amount, comment, date, person_id, category_id) values (225, 8281, 'Air Freight/Delivery Services', '2020-09-13', 23, 2);
insert into transaction (id, amount, comment, date, person_id, category_id) values (226, 1363, 'Biotechnology: Electromedical & Electrotherapeutic Apparatus', '2021-02-13', 69, 3);
insert into transaction (id, amount, comment, date, person_id, category_id) values (227, -9424, 'Oilfield Services/Equipment', '2020-06-22', 12, 5);
insert into transaction (id, amount, comment, date, person_id, category_id) values (228, 9008, 'Industrial Specialties', '2020-01-08', 25, 5);
insert into transaction (id, amount, comment, date, person_id, category_id) values (229, -9246, 'Medical/Dental Instruments', '2020-10-24', 14, 3);
insert into transaction (id, amount, comment, date, person_id, category_id) values (230, -5317, 'Professional Services', '2020-10-03', 46, 5);
insert into transaction (id, amount, comment, date, person_id, category_id) values (231, -2067, 'n/a', '2021-02-14', 53, 5);
insert into transaction (id, amount, comment, date, person_id, category_id) values (232, -314, 'Department/Specialty Retail Stores', '2021-02-28', 24, 1);
insert into transaction (id, amount, comment, date, person_id, category_id) values (233, 4557, 'Major Pharmaceuticals', '2020-03-22', 18, 3);
insert into transaction (id, amount, comment, date, person_id, category_id) values (234, 138, 'Metal Fabrications', '2020-09-01', 34, 1);
insert into transaction (id, amount, comment, date, person_id, category_id) values (235, 5663, 'Forest Products', '2020-08-18', 27, 2);
insert into transaction (id, amount, comment, date, person_id, category_id) values (236, 5277, 'Broadcasting', '2020-10-13', 70, 1);
insert into transaction (id, amount, comment, date, person_id, category_id) values (237, -6373, 'Building Materials', '2021-01-26', 14, 3);
insert into transaction (id, amount, comment, date, person_id, category_id) values (238, 688, 'Farming/Seeds/Milling', '2021-02-24', 45, 2);
insert into transaction (id, amount, comment, date, person_id, category_id) values (239, 6538, 'n/a', '2020-04-16', 15, 1);
insert into transaction (id, amount, comment, date, person_id, category_id) values (240, -2096, 'Real Estate Investment Trusts', '2020-03-12', 23, 3);
insert into transaction (id, amount, comment, date, person_id, category_id) values (241, 4488, 'Major Pharmaceuticals', '2020-01-26', 5, 4);
insert into transaction (id, amount, comment, date, person_id, category_id) values (242, -2319, 'Electric Utilities: Central', '2020-01-01', 30, 1);
insert into transaction (id, amount, comment, date, person_id, category_id) values (243, -5858, 'Water Supply', '2021-01-17', 71, 3);
insert into transaction (id, amount, comment, date, person_id, category_id) values (244, 7281, 'n/a', '2020-08-06', 8, 3);
insert into transaction (id, amount, comment, date, person_id, category_id) values (245, -4972, 'Major Pharmaceuticals', '2021-01-12', 57, 5);
insert into transaction (id, amount, comment, date, person_id, category_id) values (246, -3951, 'n/a', '2020-11-10', 33, 2);
insert into transaction (id, amount, comment, date, person_id, category_id) values (247, -6911, 'n/a', '2021-03-31', 8, 3);
insert into transaction (id, amount, comment, date, person_id, category_id) values (248, -2638, 'n/a', '2020-02-20', 6, 4);
insert into transaction (id, amount, comment, date, person_id, category_id) values (249, -1713, 'Major Pharmaceuticals', '2020-07-08', 77, 3);
insert into transaction (id, amount, comment, date, person_id, category_id) values (250, 7852, 'Industrial Machinery/Components', '2021-02-11', 6, 5);
insert into transaction (id, amount, comment, date, person_id, category_id) values (251, 9236, 'Steel/Iron Ore', '2020-03-18', 30, 3);
insert into transaction (id, amount, comment, date, person_id, category_id) values (252, 2000, 'Finance Companies', '2020-07-05', 91, 3);
insert into transaction (id, amount, comment, date, person_id, category_id) values (253, 3478, 'Recreational Products/Toys', '2021-02-16', 31, 1);
insert into transaction (id, amount, comment, date, person_id, category_id) values (254, -1469, 'n/a', '2020-07-26', 16, 3);
insert into transaction (id, amount, comment, date, person_id, category_id) values (255, 6007, 'n/a', '2020-09-04', 95, 5);
insert into transaction (id, amount, comment, date, person_id, category_id) values (256, 6263, 'n/a', '2020-08-28', 79, 2);
insert into transaction (id, amount, comment, date, person_id, category_id) values (257, 3046, 'EDP Services', '2020-02-28', 64, 1);
insert into transaction (id, amount, comment, date, person_id, category_id) values (258, 524, 'n/a', '2020-05-10', 23, 2);
insert into transaction (id, amount, comment, date, person_id, category_id) values (259, -3170, 'n/a', '2021-02-16', 87, 1);
insert into transaction (id, amount, comment, date, person_id, category_id) values (260, 1765, 'n/a', '2021-02-10', 9, 5);
insert into transaction (id, amount, comment, date, person_id, category_id) values (261, -8097, 'Investment Managers', '2020-03-02', 11, 2);
insert into transaction (id, amount, comment, date, person_id, category_id) values (262, 9060, 'n/a', '2020-03-09', 90, 4);
insert into transaction (id, amount, comment, date, person_id, category_id) values (263, -3438, 'Industrial Machinery/Components', '2020-09-18', 70, 5);
insert into transaction (id, amount, comment, date, person_id, category_id) values (264, -471, 'Biotechnology: Electromedical & Electrotherapeutic Apparatus', '2020-10-22', 9, 1);
insert into transaction (id, amount, comment, date, person_id, category_id) values (265, -2654, 'Industrial Machinery/Components', '2021-01-31', 94, 3);
insert into transaction (id, amount, comment, date, person_id, category_id) values (266, 9548, 'n/a', '2020-04-08', 90, 5);
insert into transaction (id, amount, comment, date, person_id, category_id) values (267, 9434, 'Computer peripheral equipment', '2020-08-05', 85, 3);
insert into transaction (id, amount, comment, date, person_id, category_id) values (268, 2477, 'Computer Software: Prepackaged Software', '2020-11-26', 86, 3);
insert into transaction (id, amount, comment, date, person_id, category_id) values (269, 1848, 'n/a', '2020-03-27', 79, 4);
insert into transaction (id, amount, comment, date, person_id, category_id) values (270, 3588, 'Medical Specialities', '2020-05-05', 26, 2);
insert into transaction (id, amount, comment, date, person_id, category_id) values (271, 448, 'Publishing', '2020-04-22', 49, 4);
insert into transaction (id, amount, comment, date, person_id, category_id) values (272, 3668, 'n/a', '2021-02-09', 75, 4);
insert into transaction (id, amount, comment, date, person_id, category_id) values (273, 3586, 'Beverages (Production/Distribution)', '2021-04-03', 76, 4);
insert into transaction (id, amount, comment, date, person_id, category_id) values (274, -766, 'Automotive Aftermarket', '2020-03-11', 43, 1);
insert into transaction (id, amount, comment, date, person_id, category_id) values (275, 9918, 'Biotechnology: Biological Products (No Diagnostic Substances)', '2020-10-02', 54, 2);
insert into transaction (id, amount, comment, date, person_id, category_id) values (276, -3086, 'n/a', '2021-01-22', 63, 1);
insert into transaction (id, amount, comment, date, person_id, category_id) values (277, -4137, 'Semiconductors', '2020-01-26', 19, 4);
insert into transaction (id, amount, comment, date, person_id, category_id) values (278, -8715, 'Computer Software: Prepackaged Software', '2020-01-02', 28, 3);
insert into transaction (id, amount, comment, date, person_id, category_id) values (279, -2058, 'Oil & Gas Production', '2020-08-29', 30, 3);
insert into transaction (id, amount, comment, date, person_id, category_id) values (280, -5505, 'Major Chemicals', '2020-09-27', 62, 3);
insert into transaction (id, amount, comment, date, person_id, category_id) values (281, 3250, 'Major Banks', '2021-01-10', 100, 2);
insert into transaction (id, amount, comment, date, person_id, category_id) values (282, -3030, 'Oil & Gas Production', '2020-05-30', 77, 1);
insert into transaction (id, amount, comment, date, person_id, category_id) values (283, -4401, 'n/a', '2021-03-03', 24, 3);
insert into transaction (id, amount, comment, date, person_id, category_id) values (284, -4528, 'n/a', '2020-09-05', 95, 3);
insert into transaction (id, amount, comment, date, person_id, category_id) values (285, 8447, 'Investment Bankers/Brokers/Service', '2020-04-23', 96, 2);
insert into transaction (id, amount, comment, date, person_id, category_id) values (286, -4249, 'Water Supply', '2020-08-12', 47, 5);
insert into transaction (id, amount, comment, date, person_id, category_id) values (287, 2456, 'Natural Gas Distribution', '2021-04-05', 35, 4);
insert into transaction (id, amount, comment, date, person_id, category_id) values (288, 913, 'n/a', '2020-08-25', 81, 2);
insert into transaction (id, amount, comment, date, person_id, category_id) values (289, 1027, 'Packaged Foods', '2020-07-14', 70, 1);
insert into transaction (id, amount, comment, date, person_id, category_id) values (290, -583, 'Semiconductors', '2020-05-03', 67, 4);
insert into transaction (id, amount, comment, date, person_id, category_id) values (291, 8231, 'Major Banks', '2020-11-18', 39, 1);
insert into transaction (id, amount, comment, date, person_id, category_id) values (292, 9245, 'n/a', '2020-09-23', 13, 3);
insert into transaction (id, amount, comment, date, person_id, category_id) values (293, -8470, 'Apparel', '2020-03-10', 71, 1);
insert into transaction (id, amount, comment, date, person_id, category_id) values (294, -7588, 'Banks', '2020-01-15', 56, 4);
insert into transaction (id, amount, comment, date, person_id, category_id) values (295, 5816, 'n/a', '2020-07-24', 33, 2);
insert into transaction (id, amount, comment, date, person_id, category_id) values (296, 2575, 'Diversified Commercial Services', '2020-11-12', 69, 2);
insert into transaction (id, amount, comment, date, person_id, category_id) values (297, -8975, 'Clothing/Shoe/Accessory Stores', '2020-01-08', 46, 5);
insert into transaction (id, amount, comment, date, person_id, category_id) values (298, -5936, 'n/a', '2020-04-10', 21, 1);
insert into transaction (id, amount, comment, date, person_id, category_id) values (299, 5960, 'Recreational Products/Toys', '2020-09-01', 1, 4);
insert into transaction (id, amount, comment, date, person_id, category_id) values (300, -9827, 'Professional Services', '2020-02-29', 54, 1);
insert into transaction (id, amount, comment, date, person_id, category_id) values (301, -6327, 'n/a', '2020-09-21', 92, 3);
insert into transaction (id, amount, comment, date, person_id, category_id) values (302, -896, 'n/a', '2020-05-07', 58, 1);
insert into transaction (id, amount, comment, date, person_id, category_id) values (303, 6340, 'n/a', '2020-03-19', 35, 1);
insert into transaction (id, amount, comment, date, person_id, category_id) values (304, 9528, 'Aerospace', '2020-09-26', 69, 3);
insert into transaction (id, amount, comment, date, person_id, category_id) values (305, 8613, 'Electric Utilities: Central', '2020-10-09', 23, 4);
insert into transaction (id, amount, comment, date, person_id, category_id) values (306, -6384, 'n/a', '2020-07-31', 46, 5);
insert into transaction (id, amount, comment, date, person_id, category_id) values (307, 6384, 'EDP Services', '2020-01-28', 10, 4);
insert into transaction (id, amount, comment, date, person_id, category_id) values (308, -2833, 'Commercial Banks', '2020-10-12', 16, 4);
insert into transaction (id, amount, comment, date, person_id, category_id) values (309, 9341, 'Metal Fabrications', '2020-12-07', 50, 2);
insert into transaction (id, amount, comment, date, person_id, category_id) values (310, 1640, 'Real Estate', '2020-03-18', 93, 4);
insert into transaction (id, amount, comment, date, person_id, category_id) values (311, 184, 'n/a', '2021-03-21', 6, 5);
insert into transaction (id, amount, comment, date, person_id, category_id) values (312, 2587, 'n/a', '2020-03-30', 60, 5);
insert into transaction (id, amount, comment, date, person_id, category_id) values (313, 9654, 'Metal Fabrications', '2020-09-20', 27, 2);
insert into transaction (id, amount, comment, date, person_id, category_id) values (314, 4395, 'Containers/Packaging', '2020-04-12', 62, 1);
insert into transaction (id, amount, comment, date, person_id, category_id) values (315, 6653, 'Real Estate Investment Trusts', '2020-05-11', 86, 3);
insert into transaction (id, amount, comment, date, person_id, category_id) values (316, -7220, 'n/a', '2020-07-14', 93, 3);
insert into transaction (id, amount, comment, date, person_id, category_id) values (317, -8769, 'Consumer Specialties', '2020-08-31', 100, 3);
insert into transaction (id, amount, comment, date, person_id, category_id) values (318, -813, 'Real Estate Investment Trusts', '2021-01-15', 97, 3);
insert into transaction (id, amount, comment, date, person_id, category_id) values (319, -4176, 'EDP Services', '2020-08-22', 40, 4);
insert into transaction (id, amount, comment, date, person_id, category_id) values (320, -3979, 'n/a', '2020-07-21', 26, 5);
insert into transaction (id, amount, comment, date, person_id, category_id) values (321, -4050, 'Electric Utilities: Central', '2020-06-08', 77, 5);
insert into transaction (id, amount, comment, date, person_id, category_id) values (322, -4171, 'n/a', '2020-05-17', 22, 3);
insert into transaction (id, amount, comment, date, person_id, category_id) values (323, 6223, 'Telecommunications Equipment', '2020-07-11', 55, 4);
insert into transaction (id, amount, comment, date, person_id, category_id) values (324, -9235, 'Medical Specialities', '2021-02-20', 64, 4);
insert into transaction (id, amount, comment, date, person_id, category_id) values (325, 4691, 'n/a', '2020-07-07', 38, 5);
insert into transaction (id, amount, comment, date, person_id, category_id) values (326, -3084, 'Major Pharmaceuticals', '2020-10-30', 85, 2);
insert into transaction (id, amount, comment, date, person_id, category_id) values (327, 4435, 'Oilfield Services/Equipment', '2020-07-29', 99, 5);
insert into transaction (id, amount, comment, date, person_id, category_id) values (328, -8524, 'Property-Casualty Insurers', '2020-02-01', 53, 4);
insert into transaction (id, amount, comment, date, person_id, category_id) values (329, -970, 'Computer Software: Prepackaged Software', '2020-10-09', 43, 3);
insert into transaction (id, amount, comment, date, person_id, category_id) values (330, -6593, 'Investment Managers', '2020-02-25', 35, 1);
insert into transaction (id, amount, comment, date, person_id, category_id) values (331, -8958, 'Real Estate Investment Trusts', '2020-09-06', 46, 5);
insert into transaction (id, amount, comment, date, person_id, category_id) values (332, -1033, 'Medical/Dental Instruments', '2021-03-23', 78, 1);
insert into transaction (id, amount, comment, date, person_id, category_id) values (333, -23, 'Major Pharmaceuticals', '2020-10-21', 17, 4);
insert into transaction (id, amount, comment, date, person_id, category_id) values (334, 1434, 'n/a', '2020-01-20', 5, 5);
insert into transaction (id, amount, comment, date, person_id, category_id) values (335, 5818, 'Metal Fabrications', '2020-04-30', 26, 3);
insert into transaction (id, amount, comment, date, person_id, category_id) values (336, 1775, 'EDP Services', '2020-12-30', 28, 1);
insert into transaction (id, amount, comment, date, person_id, category_id) values (337, -6214, 'Real Estate Investment Trusts', '2020-06-16', 36, 2);
insert into transaction (id, amount, comment, date, person_id, category_id) values (338, 9096, 'n/a', '2021-03-09', 92, 5);
insert into transaction (id, amount, comment, date, person_id, category_id) values (339, -6335, 'Commercial Banks', '2020-08-20', 69, 5);
insert into transaction (id, amount, comment, date, person_id, category_id) values (340, 4299, 'n/a', '2020-12-19', 49, 5);
insert into transaction (id, amount, comment, date, person_id, category_id) values (341, 8437, 'n/a', '2021-02-13', 86, 4);
insert into transaction (id, amount, comment, date, person_id, category_id) values (342, 8303, 'n/a', '2020-04-17', 12, 3);
insert into transaction (id, amount, comment, date, person_id, category_id) values (343, 8741, 'Pollution Control Equipment', '2020-02-03', 76, 5);
insert into transaction (id, amount, comment, date, person_id, category_id) values (344, 6237, 'n/a', '2020-05-03', 68, 3);
insert into transaction (id, amount, comment, date, person_id, category_id) values (345, 5576, 'Specialty Chemicals', '2020-11-17', 66, 5);
insert into transaction (id, amount, comment, date, person_id, category_id) values (346, 1133, 'Other Specialty Stores', '2020-09-03', 60, 5);
insert into transaction (id, amount, comment, date, person_id, category_id) values (347, -4224, 'n/a', '2020-03-22', 1, 3);
insert into transaction (id, amount, comment, date, person_id, category_id) values (348, -3590, 'Office Equipment/Supplies/Services', '2021-01-28', 37, 4);
insert into transaction (id, amount, comment, date, person_id, category_id) values (349, -8255, 'Major Pharmaceuticals', '2020-05-23', 66, 1);
insert into transaction (id, amount, comment, date, person_id, category_id) values (350, 9016, 'Hotels/Resorts', '2020-08-31', 22, 3);
insert into transaction (id, amount, comment, date, person_id, category_id) values (351, -9664, 'Natural Gas Distribution', '2021-02-19', 32, 2);
insert into transaction (id, amount, comment, date, person_id, category_id) values (352, 4070, 'Major Pharmaceuticals', '2020-11-10', 34, 2);
insert into transaction (id, amount, comment, date, person_id, category_id) values (353, -7575, 'Industrial Machinery/Components', '2020-06-08', 98, 1);
insert into transaction (id, amount, comment, date, person_id, category_id) values (354, 9884, 'Semiconductors', '2020-09-20', 14, 1);
insert into transaction (id, amount, comment, date, person_id, category_id) values (355, 8688, 'Major Banks', '2020-10-26', 63, 1);
insert into transaction (id, amount, comment, date, person_id, category_id) values (356, -7758, 'n/a', '2020-12-09', 27, 1);
insert into transaction (id, amount, comment, date, person_id, category_id) values (357, -4279, 'Major Banks', '2020-09-01', 65, 5);
insert into transaction (id, amount, comment, date, person_id, category_id) values (358, 5828, 'Telecommunications Equipment', '2020-04-01', 47, 5);
insert into transaction (id, amount, comment, date, person_id, category_id) values (359, 5058, 'Industrial Machinery/Components', '2020-05-13', 12, 5);
insert into transaction (id, amount, comment, date, person_id, category_id) values (360, 5921, 'Computer Software: Prepackaged Software', '2021-03-12', 22, 5);
insert into transaction (id, amount, comment, date, person_id, category_id) values (361, -7794, 'Business Services', '2021-02-19', 80, 3);
insert into transaction (id, amount, comment, date, person_id, category_id) values (362, 3399, 'n/a', '2020-09-24', 26, 5);
insert into transaction (id, amount, comment, date, person_id, category_id) values (363, 2721, 'Real Estate Investment Trusts', '2020-07-26', 68, 4);
insert into transaction (id, amount, comment, date, person_id, category_id) values (364, -5216, 'Restaurants', '2020-12-20', 70, 2);
insert into transaction (id, amount, comment, date, person_id, category_id) values (365, 7282, 'n/a', '2020-10-01', 69, 2);
insert into transaction (id, amount, comment, date, person_id, category_id) values (366, 4853, 'Catalog/Specialty Distribution', '2020-11-08', 25, 5);
insert into transaction (id, amount, comment, date, person_id, category_id) values (367, -2239, 'Telecommunications Equipment', '2020-12-05', 97, 1);
insert into transaction (id, amount, comment, date, person_id, category_id) values (368, 8424, 'Packaged Foods', '2021-03-17', 63, 1);
insert into transaction (id, amount, comment, date, person_id, category_id) values (369, 247, 'Power Generation', '2020-12-01', 52, 3);
insert into transaction (id, amount, comment, date, person_id, category_id) values (370, 5692, 'Medical/Dental Instruments', '2020-07-11', 91, 5);
insert into transaction (id, amount, comment, date, person_id, category_id) values (371, -5370, 'n/a', '2020-03-06', 15, 5);
insert into transaction (id, amount, comment, date, person_id, category_id) values (372, -5013, 'n/a', '2020-11-06', 69, 2);
insert into transaction (id, amount, comment, date, person_id, category_id) values (373, 3751, 'Recreational Products/Toys', '2020-01-13', 87, 1);
insert into transaction (id, amount, comment, date, person_id, category_id) values (374, -3625, 'Consumer Electronics/Video Chains', '2020-01-06', 58, 3);
insert into transaction (id, amount, comment, date, person_id, category_id) values (375, 3220, 'Medical/Nursing Services', '2020-11-30', 70, 5);
insert into transaction (id, amount, comment, date, person_id, category_id) values (376, 1028, 'Business Services', '2020-01-26', 90, 1);
insert into transaction (id, amount, comment, date, person_id, category_id) values (377, 4752, 'n/a', '2020-07-24', 74, 2);
insert into transaction (id, amount, comment, date, person_id, category_id) values (378, -8707, 'Real Estate Investment Trusts', '2020-08-26', 91, 4);
insert into transaction (id, amount, comment, date, person_id, category_id) values (379, -8174, 'Industrial Machinery/Components', '2020-02-09', 64, 4);
insert into transaction (id, amount, comment, date, person_id, category_id) values (380, 2262, 'n/a', '2020-09-30', 86, 5);
insert into transaction (id, amount, comment, date, person_id, category_id) values (381, -9129, 'n/a', '2021-03-04', 92, 4);
insert into transaction (id, amount, comment, date, person_id, category_id) values (382, 5230, 'Computer Software: Prepackaged Software', '2020-05-28', 99, 3);
insert into transaction (id, amount, comment, date, person_id, category_id) values (383, -9442, 'Specialty Chemicals', '2020-09-23', 28, 5);
insert into transaction (id, amount, comment, date, person_id, category_id) values (384, 88, 'Services-Misc. Amusement & Recreation', '2020-01-01', 10, 2);
insert into transaction (id, amount, comment, date, person_id, category_id) values (385, -6260, 'Semiconductors', '2020-02-07', 2, 2);
insert into transaction (id, amount, comment, date, person_id, category_id) values (386, 6047, 'Packaged Foods', '2021-03-17', 70, 5);
insert into transaction (id, amount, comment, date, person_id, category_id) values (387, 9015, 'Major Banks', '2020-01-20', 36, 5);
insert into transaction (id, amount, comment, date, person_id, category_id) values (388, 0, 'Industrial Machinery/Components', '2020-04-05', 50, 5);
insert into transaction (id, amount, comment, date, person_id, category_id) values (389, 3566, 'Computer Software: Prepackaged Software', '2020-11-02', 36, 5);
insert into transaction (id, amount, comment, date, person_id, category_id) values (390, -6230, 'Business Services', '2020-08-24', 95, 4);
insert into transaction (id, amount, comment, date, person_id, category_id) values (391, 8809, 'n/a', '2020-06-30', 61, 3);
insert into transaction (id, amount, comment, date, person_id, category_id) values (392, -6554, 'Medical Specialities', '2020-07-22', 83, 2);
insert into transaction (id, amount, comment, date, person_id, category_id) values (393, -8692, 'Real Estate Investment Trusts', '2020-02-27', 25, 4);
insert into transaction (id, amount, comment, date, person_id, category_id) values (394, -476, 'Investment Bankers/Brokers/Service', '2021-01-24', 16, 1);
insert into transaction (id, amount, comment, date, person_id, category_id) values (395, 5289, 'n/a', '2020-07-05', 27, 2);
insert into transaction (id, amount, comment, date, person_id, category_id) values (396, 8474, 'Semiconductors', '2020-06-14', 28, 1);
insert into transaction (id, amount, comment, date, person_id, category_id) values (397, -7242, 'Major Banks', '2020-04-28', 45, 5);
insert into transaction (id, amount, comment, date, person_id, category_id) values (398, 5691, 'Marine Transportation', '2020-06-03', 57, 3);
insert into transaction (id, amount, comment, date, person_id, category_id) values (399, -6673, 'n/a', '2020-12-02', 96, 2);
insert into transaction (id, amount, comment, date, person_id, category_id) values (400, -4288, 'Major Pharmaceuticals', '2020-04-24', 67, 1);
insert into transaction (id, amount, comment, date, person_id, category_id) values (401, 7689, 'Major Pharmaceuticals', '2020-10-08', 61, 3);
insert into transaction (id, amount, comment, date, person_id, category_id) values (402, 6126, 'Apparel', '2020-06-09', 83, 5);
insert into transaction (id, amount, comment, date, person_id, category_id) values (403, 7731, 'Real Estate', '2020-11-18', 81, 4);
insert into transaction (id, amount, comment, date, person_id, category_id) values (404, -1260, 'Real Estate', '2020-04-18', 40, 2);
insert into transaction (id, amount, comment, date, person_id, category_id) values (405, -2619, 'Major Banks', '2020-09-04', 93, 5);
insert into transaction (id, amount, comment, date, person_id, category_id) values (406, 5619, 'Computer Software: Prepackaged Software', '2021-04-05', 58, 4);
insert into transaction (id, amount, comment, date, person_id, category_id) values (407, -2404, 'Savings Institutions', '2021-02-20', 76, 3);
insert into transaction (id, amount, comment, date, person_id, category_id) values (408, 4769, 'n/a', '2020-11-08', 34, 3);
insert into transaction (id, amount, comment, date, person_id, category_id) values (409, 4484, 'Major Pharmaceuticals', '2021-02-17', 48, 3);
insert into transaction (id, amount, comment, date, person_id, category_id) values (410, -2921, 'Business Services', '2020-08-14', 76, 1);
insert into transaction (id, amount, comment, date, person_id, category_id) values (411, -5727, 'n/a', '2020-07-04', 6, 4);
insert into transaction (id, amount, comment, date, person_id, category_id) values (412, 3670, 'n/a', '2020-03-12', 24, 2);
insert into transaction (id, amount, comment, date, person_id, category_id) values (413, 9120, 'Investment Bankers/Brokers/Service', '2020-02-26', 95, 2);
insert into transaction (id, amount, comment, date, person_id, category_id) values (414, 2845, 'EDP Services', '2020-03-30', 17, 2);
insert into transaction (id, amount, comment, date, person_id, category_id) values (415, 9053, 'Major Banks', '2021-03-27', 74, 5);
insert into transaction (id, amount, comment, date, person_id, category_id) values (416, -4427, 'Other Consumer Services', '2020-09-21', 93, 3);
insert into transaction (id, amount, comment, date, person_id, category_id) values (417, -3372, 'Biotechnology: Commercial Physical & Biological Resarch', '2020-08-04', 99, 1);
insert into transaction (id, amount, comment, date, person_id, category_id) values (418, 4919, 'Computer Software: Prepackaged Software', '2021-03-08', 21, 2);
insert into transaction (id, amount, comment, date, person_id, category_id) values (419, 8741, 'Property-Casualty Insurers', '2020-07-13', 82, 4);
insert into transaction (id, amount, comment, date, person_id, category_id) values (420, 8583, 'RETAIL: Building Materials', '2020-10-02', 53, 1);
insert into transaction (id, amount, comment, date, person_id, category_id) values (421, 6722, 'Auto Parts:O.E.M.', '2020-03-25', 29, 5);
insert into transaction (id, amount, comment, date, person_id, category_id) values (422, -9031, 'n/a', '2021-01-27', 29, 3);
insert into transaction (id, amount, comment, date, person_id, category_id) values (423, -2005, 'Property-Casualty Insurers', '2021-01-18', 88, 4);
insert into transaction (id, amount, comment, date, person_id, category_id) values (424, -7169, 'Biotechnology: Electromedical & Electrotherapeutic Apparatus', '2020-06-26', 57, 3);
insert into transaction (id, amount, comment, date, person_id, category_id) values (425, -1976, 'n/a', '2020-06-27', 32, 5);
insert into transaction (id, amount, comment, date, person_id, category_id) values (426, 6553, 'Computer Software: Programming, Data Processing', '2020-08-16', 24, 3);
insert into transaction (id, amount, comment, date, person_id, category_id) values (427, 659, 'Computer Software: Programming, Data Processing', '2020-12-22', 93, 3);
insert into transaction (id, amount, comment, date, person_id, category_id) values (428, -1955, 'Precious Metals', '2020-10-20', 54, 4);
insert into transaction (id, amount, comment, date, person_id, category_id) values (429, -2315, 'Marine Transportation', '2020-10-12', 56, 3);
insert into transaction (id, amount, comment, date, person_id, category_id) values (430, 7288, 'Recreational Products/Toys', '2020-08-20', 76, 3);
insert into transaction (id, amount, comment, date, person_id, category_id) values (431, 9643, 'Oil Refining/Marketing', '2020-02-23', 28, 5);
insert into transaction (id, amount, comment, date, person_id, category_id) values (432, 9817, 'Oil & Gas Production', '2021-03-03', 94, 3);
insert into transaction (id, amount, comment, date, person_id, category_id) values (433, -6966, 'Electrical Products', '2020-07-03', 17, 4);
insert into transaction (id, amount, comment, date, person_id, category_id) values (434, 1050, 'Major Banks', '2020-07-10', 31, 5);
insert into transaction (id, amount, comment, date, person_id, category_id) values (435, -4596, 'n/a', '2020-11-15', 32, 1);
insert into transaction (id, amount, comment, date, person_id, category_id) values (436, -9242, 'Major Banks', '2020-01-29', 24, 2);
insert into transaction (id, amount, comment, date, person_id, category_id) values (437, 2911, 'Life Insurance', '2020-08-02', 22, 1);
insert into transaction (id, amount, comment, date, person_id, category_id) values (438, 2969, 'n/a', '2020-01-07', 75, 4);
insert into transaction (id, amount, comment, date, person_id, category_id) values (439, 3287, 'EDP Services', '2020-09-06', 26, 5);
insert into transaction (id, amount, comment, date, person_id, category_id) values (440, -9280, 'Oil/Gas Transmission', '2020-01-19', 71, 4);
insert into transaction (id, amount, comment, date, person_id, category_id) values (441, -6584, 'Electric Utilities: Central', '2020-08-14', 11, 3);
insert into transaction (id, amount, comment, date, person_id, category_id) values (442, 1780, 'n/a', '2020-08-24', 58, 3);
insert into transaction (id, amount, comment, date, person_id, category_id) values (443, 3876, 'n/a', '2021-02-26', 57, 3);
insert into transaction (id, amount, comment, date, person_id, category_id) values (444, -4752, 'Major Chemicals', '2020-06-12', 55, 5);
insert into transaction (id, amount, comment, date, person_id, category_id) values (445, 4370, 'Commercial Banks', '2020-09-30', 86, 1);
insert into transaction (id, amount, comment, date, person_id, category_id) values (446, 9924, 'Investment Managers', '2020-02-19', 6, 2);
insert into transaction (id, amount, comment, date, person_id, category_id) values (447, -3178, 'Services-Misc. Amusement & Recreation', '2020-06-08', 59, 5);
insert into transaction (id, amount, comment, date, person_id, category_id) values (448, -3104, 'Property-Casualty Insurers', '2020-01-22', 93, 2);
insert into transaction (id, amount, comment, date, person_id, category_id) values (449, -3352, 'Rental/Leasing Companies', '2020-10-03', 95, 2);
insert into transaction (id, amount, comment, date, person_id, category_id) values (450, 6398, 'Electric Utilities: Central', '2020-02-29', 91, 1);
insert into transaction (id, amount, comment, date, person_id, category_id) values (451, -4516, 'Oil & Gas Production', '2020-06-18', 59, 5);
insert into transaction (id, amount, comment, date, person_id, category_id) values (452, -1698, 'Major Pharmaceuticals', '2021-01-22', 18, 4);
insert into transaction (id, amount, comment, date, person_id, category_id) values (453, -2198, 'n/a', '2021-03-04', 94, 4);
insert into transaction (id, amount, comment, date, person_id, category_id) values (454, -4597, 'n/a', '2021-02-06', 83, 2);
insert into transaction (id, amount, comment, date, person_id, category_id) values (455, 3390, 'n/a', '2020-06-18', 43, 3);
insert into transaction (id, amount, comment, date, person_id, category_id) values (456, -6510, 'Television Services', '2020-02-02', 20, 2);
insert into transaction (id, amount, comment, date, person_id, category_id) values (457, 1921, 'Semiconductors', '2020-12-03', 49, 4);
insert into transaction (id, amount, comment, date, person_id, category_id) values (458, -2881, 'n/a', '2020-05-02', 71, 1);
insert into transaction (id, amount, comment, date, person_id, category_id) values (459, -6653, 'n/a', '2021-03-12', 14, 5);
insert into transaction (id, amount, comment, date, person_id, category_id) values (460, 1360, 'n/a', '2021-01-20', 2, 2);
insert into transaction (id, amount, comment, date, person_id, category_id) values (461, 9450, 'Telecommunications Equipment', '2020-04-09', 51, 5);
insert into transaction (id, amount, comment, date, person_id, category_id) values (462, -4948, 'Commercial Banks', '2021-03-19', 89, 4);
insert into transaction (id, amount, comment, date, person_id, category_id) values (463, 8668, 'Business Services', '2020-12-07', 23, 1);
insert into transaction (id, amount, comment, date, person_id, category_id) values (464, 394, 'n/a', '2021-01-14', 78, 3);
insert into transaction (id, amount, comment, date, person_id, category_id) values (465, -4681, 'Major Banks', '2020-11-11', 92, 5);
insert into transaction (id, amount, comment, date, person_id, category_id) values (466, -276, 'Medical/Dental Instruments', '2020-05-23', 51, 1);
insert into transaction (id, amount, comment, date, person_id, category_id) values (467, 3521, 'Computer Software: Prepackaged Software', '2020-12-27', 48, 3);
insert into transaction (id, amount, comment, date, person_id, category_id) values (468, 6342, 'Computer Software: Prepackaged Software', '2020-09-18', 90, 2);
insert into transaction (id, amount, comment, date, person_id, category_id) values (469, 8477, 'Major Banks', '2020-07-26', 89, 1);
insert into transaction (id, amount, comment, date, person_id, category_id) values (470, -281, 'Major Pharmaceuticals', '2021-03-04', 46, 1);
insert into transaction (id, amount, comment, date, person_id, category_id) values (471, -7858, 'n/a', '2020-04-15', 22, 3);
insert into transaction (id, amount, comment, date, person_id, category_id) values (472, 6298, 'Precious Metals', '2020-11-25', 19, 2);
insert into transaction (id, amount, comment, date, person_id, category_id) values (473, 3669, 'Natural Gas Distribution', '2021-01-22', 8, 3);
insert into transaction (id, amount, comment, date, person_id, category_id) values (474, -6646, 'n/a', '2021-01-04', 88, 5);
insert into transaction (id, amount, comment, date, person_id, category_id) values (475, -4706, 'n/a', '2021-03-11', 18, 4);
insert into transaction (id, amount, comment, date, person_id, category_id) values (476, -5987, 'n/a', '2020-11-14', 90, 4);
insert into transaction (id, amount, comment, date, person_id, category_id) values (477, -5973, 'n/a', '2020-11-03', 64, 2);
insert into transaction (id, amount, comment, date, person_id, category_id) values (478, 4072, 'Business Services', '2020-02-01', 6, 5);
insert into transaction (id, amount, comment, date, person_id, category_id) values (479, -4802, 'Biotechnology: Electromedical & Electrotherapeutic Apparatus', '2020-03-10', 68, 5);
insert into transaction (id, amount, comment, date, person_id, category_id) values (480, 2049, 'n/a', '2020-11-03', 64, 5);
insert into transaction (id, amount, comment, date, person_id, category_id) values (481, -6944, 'n/a', '2020-12-24', 87, 4);
insert into transaction (id, amount, comment, date, person_id, category_id) values (482, 4994, 'n/a', '2021-03-16', 84, 5);
insert into transaction (id, amount, comment, date, person_id, category_id) values (483, 4018, 'Major Banks', '2020-01-31', 32, 2);
insert into transaction (id, amount, comment, date, person_id, category_id) values (484, 1156, 'n/a', '2020-03-15', 93, 3);
insert into transaction (id, amount, comment, date, person_id, category_id) values (485, -9590, 'Major Pharmaceuticals', '2020-08-27', 77, 5);
insert into transaction (id, amount, comment, date, person_id, category_id) values (486, 7822, 'Hotels/Resorts', '2020-06-09', 36, 5);
insert into transaction (id, amount, comment, date, person_id, category_id) values (487, 1692, 'n/a', '2021-03-09', 16, 2);
insert into transaction (id, amount, comment, date, person_id, category_id) values (488, 9157, 'n/a', '2020-03-20', 77, 3);
insert into transaction (id, amount, comment, date, person_id, category_id) values (489, -2844, 'Major Pharmaceuticals', '2020-02-05', 57, 4);
insert into transaction (id, amount, comment, date, person_id, category_id) values (490, -4451, 'Precious Metals', '2020-11-13', 64, 4);
insert into transaction (id, amount, comment, date, person_id, category_id) values (491, 1584, 'n/a', '2020-05-23', 13, 1);
insert into transaction (id, amount, comment, date, person_id, category_id) values (492, 8481, 'Newspapers/Magazines', '2020-05-18', 76, 2);
insert into transaction (id, amount, comment, date, person_id, category_id) values (493, 9214, 'n/a', '2020-12-16', 51, 1);
insert into transaction (id, amount, comment, date, person_id, category_id) values (494, -5846, 'Electric Utilities: Central', '2021-03-26', 98, 1);
insert into transaction (id, amount, comment, date, person_id, category_id) values (495, 6376, 'Industrial Specialties', '2020-02-25', 48, 1);
insert into transaction (id, amount, comment, date, person_id, category_id) values (496, 9004, 'n/a', '2020-08-30', 41, 3);
insert into transaction (id, amount, comment, date, person_id, category_id) values (497, 6766, 'EDP Services', '2020-04-04', 8, 3);
insert into transaction (id, amount, comment, date, person_id, category_id) values (498, -1435, 'Business Services', '2020-11-25', 22, 1);
insert into transaction (id, amount, comment, date, person_id, category_id) values (499, 9569, 'Clothing/Shoe/Accessory Stores', '2020-09-29', 39, 3);
insert into transaction (id, amount, comment, date, person_id, category_id) values (500, 343, 'Computer Software: Programming, Data Processing', '2020-08-31', 21, 5);
insert into transaction (id, amount, comment, date, person_id, category_id) values (501, 204, 'n/a', '2020-12-07', 13, 1);
insert into transaction (id, amount, comment, date, person_id, category_id) values (502, -7424, 'Investment Managers', '2021-03-20', 23, 1);
insert into transaction (id, amount, comment, date, person_id, category_id) values (503, 4146, 'Semiconductors', '2020-10-24', 83, 3);
insert into transaction (id, amount, comment, date, person_id, category_id) values (504, -8760, 'Homebuilding', '2020-04-20', 75, 4);
insert into transaction (id, amount, comment, date, person_id, category_id) values (505, 3043, 'Major Banks', '2020-04-21', 42, 1);
insert into transaction (id, amount, comment, date, person_id, category_id) values (506, -9329, 'Professional Services', '2020-07-22', 8, 3);
insert into transaction (id, amount, comment, date, person_id, category_id) values (507, -1597, 'Railroads', '2020-05-12', 39, 1);
insert into transaction (id, amount, comment, date, person_id, category_id) values (508, 5063, 'Steel/Iron Ore', '2020-01-02', 51, 5);
insert into transaction (id, amount, comment, date, person_id, category_id) values (509, 4389, 'Metal Fabrications', '2020-10-11', 39, 2);
insert into transaction (id, amount, comment, date, person_id, category_id) values (510, -5551, 'n/a', '2020-03-27', 92, 4);
insert into transaction (id, amount, comment, date, person_id, category_id) values (511, 1492, 'Semiconductors', '2020-10-12', 50, 4);
insert into transaction (id, amount, comment, date, person_id, category_id) values (512, -776, 'Hotels/Resorts', '2021-01-15', 20, 5);
insert into transaction (id, amount, comment, date, person_id, category_id) values (513, 5810, 'Major Banks', '2020-04-13', 56, 2);
insert into transaction (id, amount, comment, date, person_id, category_id) values (514, -1386, 'n/a', '2020-07-12', 91, 1);
insert into transaction (id, amount, comment, date, person_id, category_id) values (515, -1773, 'Major Banks', '2020-10-01', 32, 3);
insert into transaction (id, amount, comment, date, person_id, category_id) values (516, 2445, 'Investment Bankers/Brokers/Service', '2020-06-19', 96, 3);
insert into transaction (id, amount, comment, date, person_id, category_id) values (517, -9160, 'Homebuilding', '2021-02-07', 95, 2);
insert into transaction (id, amount, comment, date, person_id, category_id) values (518, 3516, 'Professional Services', '2020-07-28', 20, 4);
insert into transaction (id, amount, comment, date, person_id, category_id) values (519, -4697, 'Savings Institutions', '2020-02-23', 93, 2);
insert into transaction (id, amount, comment, date, person_id, category_id) values (520, 1079, 'Computer Software: Prepackaged Software', '2021-02-09', 11, 4);
insert into transaction (id, amount, comment, date, person_id, category_id) values (521, 1107, 'Savings Institutions', '2020-09-10', 64, 2);
insert into transaction (id, amount, comment, date, person_id, category_id) values (522, -6146, 'Industrial Machinery/Components', '2020-09-13', 55, 1);
insert into transaction (id, amount, comment, date, person_id, category_id) values (523, -2489, 'Major Pharmaceuticals', '2020-09-04', 2, 1);
insert into transaction (id, amount, comment, date, person_id, category_id) values (524, 3158, 'n/a', '2021-01-14', 31, 3);
insert into transaction (id, amount, comment, date, person_id, category_id) values (525, -6348, 'n/a', '2020-01-04', 11, 5);
insert into transaction (id, amount, comment, date, person_id, category_id) values (526, 4166, 'n/a', '2020-05-05', 32, 3);
insert into transaction (id, amount, comment, date, person_id, category_id) values (527, 7884, 'Homebuilding', '2020-07-22', 57, 4);
insert into transaction (id, amount, comment, date, person_id, category_id) values (528, 6206, 'Restaurants', '2020-06-17', 83, 4);
insert into transaction (id, amount, comment, date, person_id, category_id) values (529, 483, 'Multi-Sector Companies', '2021-03-23', 83, 5);
insert into transaction (id, amount, comment, date, person_id, category_id) values (530, -6771, 'Electrical Products', '2020-01-25', 95, 2);
insert into transaction (id, amount, comment, date, person_id, category_id) values (531, 961, 'Advertising', '2020-01-15', 60, 1);
insert into transaction (id, amount, comment, date, person_id, category_id) values (532, 1639, 'Major Banks', '2020-05-27', 32, 5);
insert into transaction (id, amount, comment, date, person_id, category_id) values (533, -53, 'n/a', '2020-03-26', 66, 4);
insert into transaction (id, amount, comment, date, person_id, category_id) values (534, -3247, 'Major Banks', '2021-02-27', 34, 5);
insert into transaction (id, amount, comment, date, person_id, category_id) values (535, -1864, 'n/a', '2020-01-17', 44, 5);
insert into transaction (id, amount, comment, date, person_id, category_id) values (536, -1241, 'Agricultural Chemicals', '2021-03-20', 57, 3);
insert into transaction (id, amount, comment, date, person_id, category_id) values (537, 1189, 'Apparel', '2020-09-25', 52, 5);
insert into transaction (id, amount, comment, date, person_id, category_id) values (538, -9123, 'EDP Services', '2020-07-17', 87, 2);
insert into transaction (id, amount, comment, date, person_id, category_id) values (539, 2147, 'Oil & Gas Production', '2020-08-14', 66, 2);
insert into transaction (id, amount, comment, date, person_id, category_id) values (540, 4698, 'Computer Manufacturing', '2020-04-22', 89, 4);
insert into transaction (id, amount, comment, date, person_id, category_id) values (541, 5313, 'n/a', '2020-12-12', 30, 2);
insert into transaction (id, amount, comment, date, person_id, category_id) values (542, 4064, 'Investment Bankers/Brokers/Service', '2020-02-08', 28, 4);
insert into transaction (id, amount, comment, date, person_id, category_id) values (543, 8630, 'Real Estate Investment Trusts', '2021-01-22', 49, 2);
insert into transaction (id, amount, comment, date, person_id, category_id) values (544, 8366, 'n/a', '2021-02-27', 44, 2);
insert into transaction (id, amount, comment, date, person_id, category_id) values (545, -4264, 'Medical/Dental Instruments', '2020-06-23', 32, 1);
insert into transaction (id, amount, comment, date, person_id, category_id) values (546, 6135, 'Steel/Iron Ore', '2020-04-27', 71, 5);
insert into transaction (id, amount, comment, date, person_id, category_id) values (547, 3367, 'n/a', '2020-09-27', 96, 3);
insert into transaction (id, amount, comment, date, person_id, category_id) values (548, 6289, 'Major Banks', '2020-01-06', 10, 2);
insert into transaction (id, amount, comment, date, person_id, category_id) values (549, 6433, 'Engineering & Construction', '2020-02-25', 50, 3);
insert into transaction (id, amount, comment, date, person_id, category_id) values (550, 1954, 'n/a', '2020-08-05', 26, 2);
insert into transaction (id, amount, comment, date, person_id, category_id) values (551, 1638, 'Major Chemicals', '2020-09-06', 66, 1);
insert into transaction (id, amount, comment, date, person_id, category_id) values (552, 5810, 'Semiconductors', '2020-05-10', 40, 3);
insert into transaction (id, amount, comment, date, person_id, category_id) values (553, -6243, 'Property-Casualty Insurers', '2020-02-28', 50, 2);
insert into transaction (id, amount, comment, date, person_id, category_id) values (554, -4575, 'Electrical Products', '2020-09-04', 78, 2);
insert into transaction (id, amount, comment, date, person_id, category_id) values (555, -649, 'Oil & Gas Production', '2020-12-27', 25, 5);
insert into transaction (id, amount, comment, date, person_id, category_id) values (556, 5238, 'Electrical Products', '2020-10-13', 87, 4);
insert into transaction (id, amount, comment, date, person_id, category_id) values (557, -8140, 'EDP Services', '2020-10-18', 4, 5);
insert into transaction (id, amount, comment, date, person_id, category_id) values (558, -9239, 'Miscellaneous manufacturing industries', '2020-05-18', 87, 1);
insert into transaction (id, amount, comment, date, person_id, category_id) values (559, -9378, 'Containers/Packaging', '2020-12-04', 32, 2);
insert into transaction (id, amount, comment, date, person_id, category_id) values (560, -2722, 'Finance: Consumer Services', '2020-03-24', 72, 4);
insert into transaction (id, amount, comment, date, person_id, category_id) values (561, 1230, 'n/a', '2020-07-18', 77, 2);
insert into transaction (id, amount, comment, date, person_id, category_id) values (562, -9447, 'Catalog/Specialty Distribution', '2020-12-22', 36, 4);
insert into transaction (id, amount, comment, date, person_id, category_id) values (563, 7488, 'Radio And Television Broadcasting And Communications Equipment', '2021-01-16', 39, 5);
insert into transaction (id, amount, comment, date, person_id, category_id) values (564, -9047, 'Medical Specialities', '2020-01-31', 61, 1);
insert into transaction (id, amount, comment, date, person_id, category_id) values (565, -121, 'Hospital/Nursing Management', '2020-06-21', 65, 3);
insert into transaction (id, amount, comment, date, person_id, category_id) values (566, -5538, 'n/a', '2021-01-20', 34, 2);
insert into transaction (id, amount, comment, date, person_id, category_id) values (567, 2079, 'Savings Institutions', '2020-03-28', 5, 2);
insert into transaction (id, amount, comment, date, person_id, category_id) values (568, -1045, 'Military/Government/Technical', '2020-12-20', 56, 1);
insert into transaction (id, amount, comment, date, person_id, category_id) values (569, 8333, 'n/a', '2020-12-01', 30, 1);
insert into transaction (id, amount, comment, date, person_id, category_id) values (570, 6222, 'Electrical Products', '2020-04-05', 92, 4);
insert into transaction (id, amount, comment, date, person_id, category_id) values (571, 3615, 'n/a', '2020-04-07', 27, 2);
insert into transaction (id, amount, comment, date, person_id, category_id) values (572, -8672, 'Life Insurance', '2020-12-12', 45, 3);
insert into transaction (id, amount, comment, date, person_id, category_id) values (573, 2449, 'n/a', '2020-03-21', 64, 4);
insert into transaction (id, amount, comment, date, person_id, category_id) values (574, 6815, 'Business Services', '2021-03-01', 12, 2);
insert into transaction (id, amount, comment, date, person_id, category_id) values (575, -8617, 'Food Distributors', '2020-03-19', 21, 3);
insert into transaction (id, amount, comment, date, person_id, category_id) values (576, 4985, 'Oil & Gas Production', '2020-07-09', 48, 3);
insert into transaction (id, amount, comment, date, person_id, category_id) values (577, -8718, 'Real Estate Investment Trusts', '2020-08-18', 36, 4);
insert into transaction (id, amount, comment, date, person_id, category_id) values (578, -9487, 'n/a', '2021-03-27', 62, 2);
insert into transaction (id, amount, comment, date, person_id, category_id) values (579, -2025, 'Hospital/Nursing Management', '2021-02-22', 25, 2);
insert into transaction (id, amount, comment, date, person_id, category_id) values (580, -6330, 'Investment Bankers/Brokers/Service', '2020-12-26', 83, 5);
insert into transaction (id, amount, comment, date, person_id, category_id) values (581, -2841, 'Industrial Specialties', '2020-08-06', 45, 5);
insert into transaction (id, amount, comment, date, person_id, category_id) values (582, -3840, 'Natural Gas Distribution', '2020-08-26', 4, 1);
insert into transaction (id, amount, comment, date, person_id, category_id) values (583, -4396, 'Oil/Gas Transmission', '2020-07-14', 4, 1);
insert into transaction (id, amount, comment, date, person_id, category_id) values (584, 2338, 'Semiconductors', '2020-02-15', 2, 5);
insert into transaction (id, amount, comment, date, person_id, category_id) values (585, -7019, 'Savings Institutions', '2020-06-04', 92, 3);
insert into transaction (id, amount, comment, date, person_id, category_id) values (586, 3059, 'n/a', '2020-11-08', 7, 2);
insert into transaction (id, amount, comment, date, person_id, category_id) values (587, -6657, 'Clothing/Shoe/Accessory Stores', '2020-03-08', 97, 5);
insert into transaction (id, amount, comment, date, person_id, category_id) values (588, 1672, 'Telecommunications Equipment', '2020-04-25', 46, 1);
insert into transaction (id, amount, comment, date, person_id, category_id) values (589, 4787, 'n/a', '2020-11-26', 88, 4);
insert into transaction (id, amount, comment, date, person_id, category_id) values (590, 1578, 'Oil & Gas Production', '2020-03-02', 77, 3);
insert into transaction (id, amount, comment, date, person_id, category_id) values (591, 379, 'Property-Casualty Insurers', '2020-07-09', 21, 4);
insert into transaction (id, amount, comment, date, person_id, category_id) values (592, 3228, 'Marine Transportation', '2020-12-26', 85, 1);
insert into transaction (id, amount, comment, date, person_id, category_id) values (593, -11, 'n/a', '2020-03-31', 92, 5);
insert into transaction (id, amount, comment, date, person_id, category_id) values (594, -6164, 'Savings Institutions', '2021-01-05', 6, 4);
insert into transaction (id, amount, comment, date, person_id, category_id) values (595, -3566, 'Beverages (Production/Distribution)', '2020-12-31', 20, 2);
insert into transaction (id, amount, comment, date, person_id, category_id) values (596, -916, 'Biotechnology: Biological Products (No Diagnostic Substances)', '2020-12-16', 16, 1);
insert into transaction (id, amount, comment, date, person_id, category_id) values (597, -2936, 'Natural Gas Distribution', '2020-08-12', 73, 4);
insert into transaction (id, amount, comment, date, person_id, category_id) values (598, 8509, 'Major Pharmaceuticals', '2021-03-12', 43, 4);
insert into transaction (id, amount, comment, date, person_id, category_id) values (599, 464, 'Major Banks', '2020-12-07', 65, 3);
insert into transaction (id, amount, comment, date, person_id, category_id) values (600, -6883, 'Home Furnishings', '2021-01-05', 49, 5);
insert into transaction (id, amount, comment, date, person_id, category_id) values (601, -4662, 'Major Banks', '2020-12-12', 26, 1);
insert into transaction (id, amount, comment, date, person_id, category_id) values (602, 7486, 'Biotechnology: Biological Products (No Diagnostic Substances)', '2020-08-13', 46, 1);
insert into transaction (id, amount, comment, date, person_id, category_id) values (603, -6539, 'Property-Casualty Insurers', '2020-05-16', 94, 1);
insert into transaction (id, amount, comment, date, person_id, category_id) values (604, 4390, 'n/a', '2020-01-02', 30, 1);
insert into transaction (id, amount, comment, date, person_id, category_id) values (605, 3971, 'Farming/Seeds/Milling', '2020-12-24', 26, 5);
insert into transaction (id, amount, comment, date, person_id, category_id) values (606, -4599, 'Major Banks', '2021-03-21', 2, 2);
insert into transaction (id, amount, comment, date, person_id, category_id) values (607, 3516, 'Marine Transportation', '2020-07-28', 23, 5);
insert into transaction (id, amount, comment, date, person_id, category_id) values (608, 6372, 'Computer Software: Programming, Data Processing', '2021-01-09', 46, 1);
insert into transaction (id, amount, comment, date, person_id, category_id) values (609, 133, 'n/a', '2020-09-22', 57, 4);
insert into transaction (id, amount, comment, date, person_id, category_id) values (610, -2756, 'Professional Services', '2021-01-24', 24, 2);
insert into transaction (id, amount, comment, date, person_id, category_id) values (611, -5857, 'Medical/Dental Instruments', '2021-03-05', 17, 2);
insert into transaction (id, amount, comment, date, person_id, category_id) values (612, -7137, 'Electronic Components', '2020-02-23', 99, 4);
insert into transaction (id, amount, comment, date, person_id, category_id) values (613, 3666, 'Consumer Electronics/Appliances', '2021-01-08', 3, 5);
insert into transaction (id, amount, comment, date, person_id, category_id) values (614, -1593, 'Building Materials', '2020-10-16', 76, 4);
insert into transaction (id, amount, comment, date, person_id, category_id) values (615, 4351, 'Computer Software: Programming, Data Processing', '2020-05-20', 20, 4);
insert into transaction (id, amount, comment, date, person_id, category_id) values (616, -8695, 'n/a', '2020-12-13', 28, 3);
insert into transaction (id, amount, comment, date, person_id, category_id) values (617, -8628, 'Semiconductors', '2020-12-14', 86, 2);
insert into transaction (id, amount, comment, date, person_id, category_id) values (618, -9840, 'Business Services', '2021-01-28', 22, 4);
insert into transaction (id, amount, comment, date, person_id, category_id) values (619, 4625, 'Clothing/Shoe/Accessory Stores', '2020-07-13', 72, 1);
insert into transaction (id, amount, comment, date, person_id, category_id) values (620, -3554, 'Oil & Gas Production', '2020-09-18', 10, 2);
insert into transaction (id, amount, comment, date, person_id, category_id) values (621, 896, 'n/a', '2020-03-31', 13, 5);
insert into transaction (id, amount, comment, date, person_id, category_id) values (622, -5441, 'Savings Institutions', '2020-04-18', 9, 3);
insert into transaction (id, amount, comment, date, person_id, category_id) values (623, -5744, 'Real Estate', '2020-10-27', 66, 2);
insert into transaction (id, amount, comment, date, person_id, category_id) values (624, 5213, 'Real Estate Investment Trusts', '2020-02-01', 21, 3);
insert into transaction (id, amount, comment, date, person_id, category_id) values (625, -7307, 'n/a', '2020-08-09', 52, 3);
insert into transaction (id, amount, comment, date, person_id, category_id) values (626, 9958, 'Real Estate Investment Trusts', '2020-01-14', 45, 2);
insert into transaction (id, amount, comment, date, person_id, category_id) values (627, -419, 'Broadcasting', '2020-08-28', 99, 1);
insert into transaction (id, amount, comment, date, person_id, category_id) values (628, 4780, 'n/a', '2020-11-16', 87, 1);
insert into transaction (id, amount, comment, date, person_id, category_id) values (629, 1483, 'Real Estate Investment Trusts', '2021-01-28', 88, 3);
insert into transaction (id, amount, comment, date, person_id, category_id) values (630, -3527, 'Television Services', '2020-10-29', 39, 5);
insert into transaction (id, amount, comment, date, person_id, category_id) values (631, 2121, 'n/a', '2021-02-05', 29, 1);
insert into transaction (id, amount, comment, date, person_id, category_id) values (632, 1886, 'n/a', '2021-01-10', 60, 4);
insert into transaction (id, amount, comment, date, person_id, category_id) values (633, -5577, 'Metal Fabrications', '2020-07-26', 58, 2);
insert into transaction (id, amount, comment, date, person_id, category_id) values (634, -4637, 'Oil Refining/Marketing', '2021-01-08', 32, 2);
insert into transaction (id, amount, comment, date, person_id, category_id) values (635, -9769, 'EDP Services', '2020-08-30', 85, 2);
insert into transaction (id, amount, comment, date, person_id, category_id) values (636, 5633, 'Marine Transportation', '2020-04-01', 46, 3);
insert into transaction (id, amount, comment, date, person_id, category_id) values (637, 8169, 'Broadcasting', '2021-03-08', 96, 4);
insert into transaction (id, amount, comment, date, person_id, category_id) values (638, 8192, 'Building Materials', '2021-03-06', 20, 5);
insert into transaction (id, amount, comment, date, person_id, category_id) values (639, -3742, 'n/a', '2020-07-05', 71, 4);
insert into transaction (id, amount, comment, date, person_id, category_id) values (640, -9602, 'n/a', '2020-01-08', 39, 4);
insert into transaction (id, amount, comment, date, person_id, category_id) values (641, 5917, 'n/a', '2020-01-31', 26, 5);
insert into transaction (id, amount, comment, date, person_id, category_id) values (642, -9408, 'n/a', '2020-08-04', 65, 1);
insert into transaction (id, amount, comment, date, person_id, category_id) values (643, 884, 'EDP Services', '2020-11-08', 35, 2);
insert into transaction (id, amount, comment, date, person_id, category_id) values (644, -4186, 'Computer Software: Prepackaged Software', '2020-04-12', 98, 4);
insert into transaction (id, amount, comment, date, person_id, category_id) values (645, 260, 'Electrical Products', '2020-11-02', 35, 3);
insert into transaction (id, amount, comment, date, person_id, category_id) values (646, -1346, 'n/a', '2020-05-10', 28, 1);
insert into transaction (id, amount, comment, date, person_id, category_id) values (647, -6023, 'n/a', '2021-03-24', 80, 1);
insert into transaction (id, amount, comment, date, person_id, category_id) values (648, -5009, 'Savings Institutions', '2020-09-05', 41, 2);
insert into transaction (id, amount, comment, date, person_id, category_id) values (649, 7189, 'Containers/Packaging', '2020-01-21', 97, 4);
insert into transaction (id, amount, comment, date, person_id, category_id) values (650, -1446, 'Industrial Machinery/Components', '2021-03-09', 33, 5);
insert into transaction (id, amount, comment, date, person_id, category_id) values (651, -4588, 'Advertising', '2020-02-26', 20, 2);
insert into transaction (id, amount, comment, date, person_id, category_id) values (652, 8738, 'n/a', '2020-04-18', 89, 3);
insert into transaction (id, amount, comment, date, person_id, category_id) values (653, -5691, 'n/a', '2020-11-17', 69, 4);
insert into transaction (id, amount, comment, date, person_id, category_id) values (654, 6826, 'Major Pharmaceuticals', '2020-01-17', 82, 3);
insert into transaction (id, amount, comment, date, person_id, category_id) values (655, -7192, 'Broadcasting', '2020-10-20', 76, 1);
insert into transaction (id, amount, comment, date, person_id, category_id) values (656, 9075, 'Computer Software: Prepackaged Software', '2020-10-03', 57, 3);
insert into transaction (id, amount, comment, date, person_id, category_id) values (657, 262, 'Precious Metals', '2021-02-25', 75, 5);
insert into transaction (id, amount, comment, date, person_id, category_id) values (658, -3696, 'Restaurants', '2020-02-21', 37, 3);
insert into transaction (id, amount, comment, date, person_id, category_id) values (659, -5730, 'Industrial Machinery/Components', '2020-11-10', 68, 4);
insert into transaction (id, amount, comment, date, person_id, category_id) values (660, 5143, 'Major Pharmaceuticals', '2020-10-03', 60, 4);
insert into transaction (id, amount, comment, date, person_id, category_id) values (661, -3063, 'Office Equipment/Supplies/Services', '2021-04-03', 76, 3);
insert into transaction (id, amount, comment, date, person_id, category_id) values (662, -2388, 'n/a', '2020-06-24', 58, 5);
insert into transaction (id, amount, comment, date, person_id, category_id) values (663, 817, 'Major Pharmaceuticals', '2020-07-04', 91, 4);
insert into transaction (id, amount, comment, date, person_id, category_id) values (664, 9039, 'n/a', '2020-01-04', 91, 4);
insert into transaction (id, amount, comment, date, person_id, category_id) values (665, -3307, 'Savings Institutions', '2020-11-12', 7, 5);
insert into transaction (id, amount, comment, date, person_id, category_id) values (666, -6310, 'n/a', '2020-08-05', 73, 1);
insert into transaction (id, amount, comment, date, person_id, category_id) values (667, 2328, 'Shoe Manufacturing', '2020-10-18', 97, 5);
insert into transaction (id, amount, comment, date, person_id, category_id) values (668, 278, 'Major Pharmaceuticals', '2020-02-25', 4, 1);
insert into transaction (id, amount, comment, date, person_id, category_id) values (669, -8719, 'n/a', '2020-05-14', 76, 4);
insert into transaction (id, amount, comment, date, person_id, category_id) values (670, 5093, 'n/a', '2020-12-21', 88, 4);
insert into transaction (id, amount, comment, date, person_id, category_id) values (671, 675, 'n/a', '2020-01-18', 46, 3);
insert into transaction (id, amount, comment, date, person_id, category_id) values (672, 1591, 'n/a', '2021-01-16', 78, 1);
insert into transaction (id, amount, comment, date, person_id, category_id) values (673, 7100, 'Business Services', '2020-08-19', 12, 3);
insert into transaction (id, amount, comment, date, person_id, category_id) values (674, -9334, 'Property-Casualty Insurers', '2020-04-15', 33, 5);
insert into transaction (id, amount, comment, date, person_id, category_id) values (675, 8094, 'Computer Software: Prepackaged Software', '2020-09-01', 43, 1);
insert into transaction (id, amount, comment, date, person_id, category_id) values (676, -1622, 'Biotechnology: In Vitro & In Vivo Diagnostic Substances', '2020-05-25', 34, 4);
insert into transaction (id, amount, comment, date, person_id, category_id) values (677, 4714, 'Major Chemicals', '2020-03-04', 84, 5);
insert into transaction (id, amount, comment, date, person_id, category_id) values (678, -3242, 'n/a', '2020-06-05', 57, 1);
insert into transaction (id, amount, comment, date, person_id, category_id) values (679, 9583, 'Television Services', '2020-04-18', 54, 1);
insert into transaction (id, amount, comment, date, person_id, category_id) values (680, 7981, 'Investment Bankers/Brokers/Service', '2020-07-02', 92, 5);
insert into transaction (id, amount, comment, date, person_id, category_id) values (681, -255, 'Industrial Machinery/Components', '2020-11-19', 29, 4);
insert into transaction (id, amount, comment, date, person_id, category_id) values (682, 933, 'Home Furnishings', '2020-12-27', 94, 1);
insert into transaction (id, amount, comment, date, person_id, category_id) values (683, -2349, 'Major Banks', '2020-12-13', 90, 2);
insert into transaction (id, amount, comment, date, person_id, category_id) values (684, 1795, 'n/a', '2020-06-15', 28, 4);
insert into transaction (id, amount, comment, date, person_id, category_id) values (685, -3440, 'Natural Gas Distribution', '2020-03-28', 90, 1);
insert into transaction (id, amount, comment, date, person_id, category_id) values (686, 4002, 'Major Banks', '2020-03-16', 64, 4);
insert into transaction (id, amount, comment, date, person_id, category_id) values (687, 4220, 'Computer Software: Prepackaged Software', '2020-08-02', 12, 5);
insert into transaction (id, amount, comment, date, person_id, category_id) values (688, -7109, 'Major Pharmaceuticals', '2020-02-10', 22, 3);
insert into transaction (id, amount, comment, date, person_id, category_id) values (689, -6394, 'Computer Software: Prepackaged Software', '2020-11-26', 28, 2);
insert into transaction (id, amount, comment, date, person_id, category_id) values (690, 6955, 'Business Services', '2020-12-29', 66, 4);
insert into transaction (id, amount, comment, date, person_id, category_id) values (691, -6300, 'n/a', '2020-10-19', 99, 1);
insert into transaction (id, amount, comment, date, person_id, category_id) values (692, 9886, 'Major Pharmaceuticals', '2020-11-23', 61, 4);
insert into transaction (id, amount, comment, date, person_id, category_id) values (693, 9515, 'n/a', '2020-05-30', 6, 1);
insert into transaction (id, amount, comment, date, person_id, category_id) values (694, -6514, 'Major Pharmaceuticals', '2020-04-03', 16, 4);
insert into transaction (id, amount, comment, date, person_id, category_id) values (695, -3996, 'Computer Software: Prepackaged Software', '2020-10-24', 18, 1);
insert into transaction (id, amount, comment, date, person_id, category_id) values (696, -237, 'Multi-Sector Companies', '2020-11-10', 61, 4);
insert into transaction (id, amount, comment, date, person_id, category_id) values (697, -2889, 'n/a', '2020-05-27', 39, 3);
insert into transaction (id, amount, comment, date, person_id, category_id) values (698, 2594, 'n/a', '2020-08-16', 57, 3);
insert into transaction (id, amount, comment, date, person_id, category_id) values (699, -4489, 'Business Services', '2021-02-15', 90, 4);
insert into transaction (id, amount, comment, date, person_id, category_id) values (700, 9453, 'Computer Software: Prepackaged Software', '2020-01-27', 61, 3);
insert into transaction (id, amount, comment, date, person_id, category_id) values (701, 5032, 'Integrated oil Companies', '2020-03-10', 46, 3);
insert into transaction (id, amount, comment, date, person_id, category_id) values (702, 4388, 'Investment Managers', '2020-06-21', 38, 3);
insert into transaction (id, amount, comment, date, person_id, category_id) values (703, 1740, 'Medical/Dental Instruments', '2021-01-17', 93, 4);
insert into transaction (id, amount, comment, date, person_id, category_id) values (704, -3850, 'Electrical Products', '2020-06-20', 6, 2);
insert into transaction (id, amount, comment, date, person_id, category_id) values (705, -1648, 'n/a', '2020-09-12', 35, 4);
insert into transaction (id, amount, comment, date, person_id, category_id) values (706, 4549, 'Computer Software: Programming, Data Processing', '2021-02-27', 45, 2);
insert into transaction (id, amount, comment, date, person_id, category_id) values (707, 4302, 'n/a', '2020-02-05', 34, 4);
insert into transaction (id, amount, comment, date, person_id, category_id) values (708, -7201, 'n/a', '2020-06-12', 59, 2);
insert into transaction (id, amount, comment, date, person_id, category_id) values (709, -6257, 'Telecommunications Equipment', '2021-01-23', 77, 4);
insert into transaction (id, amount, comment, date, person_id, category_id) values (710, -5447, 'n/a', '2020-05-10', 4, 4);
insert into transaction (id, amount, comment, date, person_id, category_id) values (711, -1893, 'Marine Transportation', '2020-06-27', 73, 1);
insert into transaction (id, amount, comment, date, person_id, category_id) values (712, -1959, 'Clothing/Shoe/Accessory Stores', '2020-02-11', 87, 3);
insert into transaction (id, amount, comment, date, person_id, category_id) values (713, -3119, 'Natural Gas Distribution', '2021-01-11', 17, 1);
insert into transaction (id, amount, comment, date, person_id, category_id) values (714, 2465, 'n/a', '2020-10-07', 34, 5);
insert into transaction (id, amount, comment, date, person_id, category_id) values (715, 1423, 'Newspapers/Magazines', '2020-02-02', 3, 2);
insert into transaction (id, amount, comment, date, person_id, category_id) values (716, 1541, 'Shoe Manufacturing', '2020-11-24', 62, 4);
insert into transaction (id, amount, comment, date, person_id, category_id) values (717, 5206, 'Major Banks', '2021-02-16', 68, 3);
insert into transaction (id, amount, comment, date, person_id, category_id) values (718, 4663, 'Medical Specialities', '2020-01-06', 10, 3);
insert into transaction (id, amount, comment, date, person_id, category_id) values (719, 8870, 'n/a', '2020-11-05', 88, 5);
insert into transaction (id, amount, comment, date, person_id, category_id) values (720, -1676, 'n/a', '2020-09-10', 19, 4);
insert into transaction (id, amount, comment, date, person_id, category_id) values (721, -3557, 'n/a', '2020-12-12', 45, 1);
insert into transaction (id, amount, comment, date, person_id, category_id) values (722, -9795, 'n/a', '2020-10-31', 86, 3);
insert into transaction (id, amount, comment, date, person_id, category_id) values (723, -4537, 'Major Pharmaceuticals', '2021-02-01', 14, 2);
insert into transaction (id, amount, comment, date, person_id, category_id) values (724, 9495, 'Transportation Services', '2020-10-22', 60, 2);
insert into transaction (id, amount, comment, date, person_id, category_id) values (725, 8448, 'n/a', '2021-03-22', 80, 2);
insert into transaction (id, amount, comment, date, person_id, category_id) values (726, 4827, 'Savings Institutions', '2021-02-12', 79, 3);
insert into transaction (id, amount, comment, date, person_id, category_id) values (727, -8503, 'Finance: Consumer Services', '2021-03-03', 60, 3);
insert into transaction (id, amount, comment, date, person_id, category_id) values (728, -5934, 'Agricultural Chemicals', '2020-05-13', 33, 4);
insert into transaction (id, amount, comment, date, person_id, category_id) values (729, -6464, 'n/a', '2020-11-05', 17, 5);
insert into transaction (id, amount, comment, date, person_id, category_id) values (730, 9411, 'Packaged Foods', '2020-12-25', 46, 1);
insert into transaction (id, amount, comment, date, person_id, category_id) values (731, -3349, 'Life Insurance', '2020-02-02', 29, 3);
insert into transaction (id, amount, comment, date, person_id, category_id) values (732, -5634, 'Oil & Gas Production', '2020-04-07', 42, 1);
insert into transaction (id, amount, comment, date, person_id, category_id) values (733, -8419, 'Major Pharmaceuticals', '2020-09-29', 66, 1);
insert into transaction (id, amount, comment, date, person_id, category_id) values (734, -5873, 'n/a', '2020-03-09', 8, 5);
insert into transaction (id, amount, comment, date, person_id, category_id) values (735, 215, 'n/a', '2020-08-08', 41, 3);
insert into transaction (id, amount, comment, date, person_id, category_id) values (736, 2452, 'Major Banks', '2020-10-20', 37, 5);
insert into transaction (id, amount, comment, date, person_id, category_id) values (737, 8452, 'Semiconductors', '2020-04-29', 84, 2);
insert into transaction (id, amount, comment, date, person_id, category_id) values (738, 6604, 'n/a', '2020-09-02', 72, 2);
insert into transaction (id, amount, comment, date, person_id, category_id) values (739, 8085, 'Natural Gas Distribution', '2020-03-14', 41, 4);
insert into transaction (id, amount, comment, date, person_id, category_id) values (740, -8307, 'n/a', '2020-02-21', 92, 4);
insert into transaction (id, amount, comment, date, person_id, category_id) values (741, -2721, 'EDP Services', '2020-03-24', 8, 2);
insert into transaction (id, amount, comment, date, person_id, category_id) values (742, 5226, 'Real Estate Investment Trusts', '2020-04-25', 17, 4);
insert into transaction (id, amount, comment, date, person_id, category_id) values (743, 1502, 'Mining & Quarrying of Nonmetallic Minerals (No Fuels)', '2021-03-16', 56, 1);
insert into transaction (id, amount, comment, date, person_id, category_id) values (744, 3526, 'Hotels/Resorts', '2020-09-29', 97, 1);
insert into transaction (id, amount, comment, date, person_id, category_id) values (745, 7463, 'Automotive Aftermarket', '2020-12-30', 9, 2);
insert into transaction (id, amount, comment, date, person_id, category_id) values (746, 2918, 'Consumer Electronics/Appliances', '2021-01-26', 78, 5);
insert into transaction (id, amount, comment, date, person_id, category_id) values (747, -1985, 'n/a', '2020-02-28', 25, 2);
insert into transaction (id, amount, comment, date, person_id, category_id) values (748, -8496, 'Restaurants', '2020-05-10', 42, 3);
insert into transaction (id, amount, comment, date, person_id, category_id) values (749, 4181, 'Telecommunications Equipment', '2020-09-09', 47, 1);
insert into transaction (id, amount, comment, date, person_id, category_id) values (750, 2155, 'Precious Metals', '2020-02-14', 62, 1);
insert into transaction (id, amount, comment, date, person_id, category_id) values (751, 2746, 'Medical Specialities', '2020-11-24', 18, 1);
insert into transaction (id, amount, comment, date, person_id, category_id) values (752, -1041, 'Semiconductors', '2020-12-01', 3, 1);
insert into transaction (id, amount, comment, date, person_id, category_id) values (753, -5784, 'n/a', '2020-09-24', 26, 2);
insert into transaction (id, amount, comment, date, person_id, category_id) values (754, 5796, 'Oil & Gas Production', '2021-02-08', 11, 3);
insert into transaction (id, amount, comment, date, person_id, category_id) values (755, -4121, 'Real Estate Investment Trusts', '2020-01-13', 87, 1);
insert into transaction (id, amount, comment, date, person_id, category_id) values (756, -2748, 'n/a', '2020-01-10', 36, 4);
insert into transaction (id, amount, comment, date, person_id, category_id) values (757, 2639, 'n/a', '2020-07-20', 49, 1);
insert into transaction (id, amount, comment, date, person_id, category_id) values (758, 2352, 'Services-Misc. Amusement & Recreation', '2021-01-26', 63, 2);
insert into transaction (id, amount, comment, date, person_id, category_id) values (759, -4358, 'Homebuilding', '2020-08-21', 48, 5);
insert into transaction (id, amount, comment, date, person_id, category_id) values (760, 5096, 'Finance: Consumer Services', '2020-10-20', 27, 3);
insert into transaction (id, amount, comment, date, person_id, category_id) values (761, 8742, 'Real Estate Investment Trusts', '2020-10-21', 15, 2);
insert into transaction (id, amount, comment, date, person_id, category_id) values (762, -756, 'Commercial Banks', '2020-05-23', 69, 3);
insert into transaction (id, amount, comment, date, person_id, category_id) values (763, 7387, 'Medical Specialities', '2021-01-30', 74, 2);
insert into transaction (id, amount, comment, date, person_id, category_id) values (764, -6172, 'Investment Managers', '2020-01-25', 54, 1);
insert into transaction (id, amount, comment, date, person_id, category_id) values (765, -632, 'Steel/Iron Ore', '2020-08-18', 92, 5);
insert into transaction (id, amount, comment, date, person_id, category_id) values (766, -7009, 'Auto Parts:O.E.M.', '2020-07-07', 48, 4);
insert into transaction (id, amount, comment, date, person_id, category_id) values (767, 4093, 'Computer Software: Programming, Data Processing', '2020-11-10', 96, 4);
insert into transaction (id, amount, comment, date, person_id, category_id) values (768, 4563, 'Radio And Television Broadcasting And Communications Equipment', '2020-12-29', 12, 4);
insert into transaction (id, amount, comment, date, person_id, category_id) values (769, 6919, 'n/a', '2020-07-24', 13, 4);
insert into transaction (id, amount, comment, date, person_id, category_id) values (770, -3629, 'Oil & Gas Production', '2021-03-11', 1, 1);
insert into transaction (id, amount, comment, date, person_id, category_id) values (771, -4945, 'Marine Transportation', '2021-02-11', 97, 4);
insert into transaction (id, amount, comment, date, person_id, category_id) values (772, -5071, 'Major Banks', '2020-08-15', 4, 5);
insert into transaction (id, amount, comment, date, person_id, category_id) values (773, -3996, 'Professional Services', '2021-02-05', 100, 1);
insert into transaction (id, amount, comment, date, person_id, category_id) values (774, -3784, 'Other Specialty Stores', '2020-10-09', 91, 2);
insert into transaction (id, amount, comment, date, person_id, category_id) values (775, 2075, 'n/a', '2020-03-16', 11, 3);
insert into transaction (id, amount, comment, date, person_id, category_id) values (776, 240, 'n/a', '2021-03-21', 1, 4);
insert into transaction (id, amount, comment, date, person_id, category_id) values (777, 6276, 'Savings Institutions', '2020-02-08', 7, 3);
insert into transaction (id, amount, comment, date, person_id, category_id) values (778, 4099, 'n/a', '2020-02-05', 50, 2);
insert into transaction (id, amount, comment, date, person_id, category_id) values (779, 5965, 'n/a', '2020-06-27', 88, 3);
insert into transaction (id, amount, comment, date, person_id, category_id) values (780, -2181, 'Semiconductors', '2020-05-24', 81, 1);
insert into transaction (id, amount, comment, date, person_id, category_id) values (781, 5908, 'Major Pharmaceuticals', '2020-10-22', 96, 5);
insert into transaction (id, amount, comment, date, person_id, category_id) values (782, 8165, 'Air Freight/Delivery Services', '2020-01-16', 93, 3);
insert into transaction (id, amount, comment, date, person_id, category_id) values (783, 7576, 'Marine Transportation', '2020-12-22', 34, 5);
insert into transaction (id, amount, comment, date, person_id, category_id) values (784, 4417, 'Diversified Commercial Services', '2020-12-13', 24, 4);
insert into transaction (id, amount, comment, date, person_id, category_id) values (785, -6065, 'n/a', '2020-01-01', 69, 3);
insert into transaction (id, amount, comment, date, person_id, category_id) values (786, -5458, 'n/a', '2021-02-23', 32, 2);
insert into transaction (id, amount, comment, date, person_id, category_id) values (787, -6632, 'Finance: Consumer Services', '2021-03-29', 16, 2);
insert into transaction (id, amount, comment, date, person_id, category_id) values (788, 7835, 'Medical Specialities', '2021-04-02', 41, 1);
insert into transaction (id, amount, comment, date, person_id, category_id) values (789, 2823, 'Office Equipment/Supplies/Services', '2020-11-24', 71, 2);
insert into transaction (id, amount, comment, date, person_id, category_id) values (790, -7815, 'n/a', '2021-02-23', 98, 5);
insert into transaction (id, amount, comment, date, person_id, category_id) values (791, 3934, 'n/a', '2020-01-25', 85, 1);
insert into transaction (id, amount, comment, date, person_id, category_id) values (792, -1433, 'Metal Fabrications', '2021-01-16', 34, 5);
insert into transaction (id, amount, comment, date, person_id, category_id) values (793, -5353, 'n/a', '2020-09-01', 69, 4);
insert into transaction (id, amount, comment, date, person_id, category_id) values (794, -2527, 'n/a', '2020-07-15', 56, 3);
insert into transaction (id, amount, comment, date, person_id, category_id) values (795, -339, 'Agricultural Chemicals', '2020-11-01', 15, 3);
insert into transaction (id, amount, comment, date, person_id, category_id) values (796, 7177, 'Finance: Consumer Services', '2020-03-21', 54, 1);
insert into transaction (id, amount, comment, date, person_id, category_id) values (797, -4485, 'Business Services', '2020-04-09', 42, 1);
insert into transaction (id, amount, comment, date, person_id, category_id) values (798, 3436, 'Oil & Gas Production', '2021-04-07', 81, 1);
insert into transaction (id, amount, comment, date, person_id, category_id) values (799, -158, 'n/a', '2020-10-02', 87, 3);
insert into transaction (id, amount, comment, date, person_id, category_id) values (800, 8699, 'Consumer Specialties', '2020-04-18', 42, 3);
insert into transaction (id, amount, comment, date, person_id, category_id) values (801, -4295, 'Military/Government/Technical', '2020-08-08', 5, 4);
insert into transaction (id, amount, comment, date, person_id, category_id) values (802, -9307, 'Industrial Machinery/Components', '2021-01-19', 67, 3);
insert into transaction (id, amount, comment, date, person_id, category_id) values (803, -2196, 'Telecommunications Equipment', '2020-04-06', 6, 2);
insert into transaction (id, amount, comment, date, person_id, category_id) values (804, -3621, 'n/a', '2020-01-12', 22, 3);
insert into transaction (id, amount, comment, date, person_id, category_id) values (805, -8932, 'n/a', '2020-12-20', 13, 3);
insert into transaction (id, amount, comment, date, person_id, category_id) values (806, 177, 'Retail: Computer Software & Peripheral Equipment', '2021-03-01', 89, 4);
insert into transaction (id, amount, comment, date, person_id, category_id) values (807, 3977, 'n/a', '2020-05-15', 84, 2);
insert into transaction (id, amount, comment, date, person_id, category_id) values (808, -6618, 'Major Pharmaceuticals', '2020-07-05', 58, 4);
insert into transaction (id, amount, comment, date, person_id, category_id) values (809, 3376, 'Diversified Commercial Services', '2020-05-12', 92, 5);
insert into transaction (id, amount, comment, date, person_id, category_id) values (810, 8405, 'Pollution Control Equipment', '2020-08-12', 29, 3);
insert into transaction (id, amount, comment, date, person_id, category_id) values (811, -4309, 'Air Freight/Delivery Services', '2020-09-03', 24, 2);
insert into transaction (id, amount, comment, date, person_id, category_id) values (812, 6695, 'Major Banks', '2020-06-16', 31, 3);
insert into transaction (id, amount, comment, date, person_id, category_id) values (813, -3382, 'Major Pharmaceuticals', '2020-10-17', 28, 4);
insert into transaction (id, amount, comment, date, person_id, category_id) values (814, 6420, 'EDP Services', '2020-10-16', 83, 2);
insert into transaction (id, amount, comment, date, person_id, category_id) values (815, -9287, 'Real Estate Investment Trusts', '2020-02-26', 33, 4);
insert into transaction (id, amount, comment, date, person_id, category_id) values (816, 5210, 'Telecommunications Equipment', '2020-01-23', 53, 5);
insert into transaction (id, amount, comment, date, person_id, category_id) values (817, -970, 'Real Estate Investment Trusts', '2020-08-15', 31, 3);
insert into transaction (id, amount, comment, date, person_id, category_id) values (818, 2716, 'Environmental Services', '2020-06-27', 51, 2);
insert into transaction (id, amount, comment, date, person_id, category_id) values (819, 216, 'Business Services', '2020-08-16', 34, 4);
insert into transaction (id, amount, comment, date, person_id, category_id) values (820, 6766, 'Other Specialty Stores', '2020-02-01', 99, 2);
insert into transaction (id, amount, comment, date, person_id, category_id) values (821, 3042, 'Commercial Banks', '2020-05-03', 94, 5);
insert into transaction (id, amount, comment, date, person_id, category_id) values (822, 5283, 'Advertising', '2020-05-11', 42, 4);
insert into transaction (id, amount, comment, date, person_id, category_id) values (823, -5475, 'Restaurants', '2020-11-12', 17, 4);
insert into transaction (id, amount, comment, date, person_id, category_id) values (824, -7736, 'n/a', '2020-05-01', 40, 2);
insert into transaction (id, amount, comment, date, person_id, category_id) values (825, 9739, 'Industrial Machinery/Components', '2020-11-22', 87, 3);
insert into transaction (id, amount, comment, date, person_id, category_id) values (826, 6316, 'Oilfield Services/Equipment', '2020-04-09', 41, 2);
insert into transaction (id, amount, comment, date, person_id, category_id) values (827, -960, 'n/a', '2021-02-15', 82, 5);
insert into transaction (id, amount, comment, date, person_id, category_id) values (828, -3564, 'n/a', '2020-02-05', 70, 5);
insert into transaction (id, amount, comment, date, person_id, category_id) values (829, -8942, 'n/a', '2020-07-16', 51, 4);
insert into transaction (id, amount, comment, date, person_id, category_id) values (830, 5407, 'Other Consumer Services', '2020-01-24', 29, 1);
insert into transaction (id, amount, comment, date, person_id, category_id) values (831, 695, 'Medical/Dental Instruments', '2020-02-24', 35, 3);
insert into transaction (id, amount, comment, date, person_id, category_id) values (832, -4476, 'n/a', '2020-09-07', 34, 2);
insert into transaction (id, amount, comment, date, person_id, category_id) values (833, 1583, 'Business Services', '2021-03-19', 43, 1);
insert into transaction (id, amount, comment, date, person_id, category_id) values (834, -4300, 'n/a', '2020-05-08', 87, 1);
insert into transaction (id, amount, comment, date, person_id, category_id) values (835, -7650, 'EDP Services', '2020-07-15', 92, 3);
insert into transaction (id, amount, comment, date, person_id, category_id) values (836, 9434, 'Rental/Leasing Companies', '2020-04-02', 51, 4);
insert into transaction (id, amount, comment, date, person_id, category_id) values (837, -6167, 'Wholesale Distributors', '2020-01-22', 60, 4);
insert into transaction (id, amount, comment, date, person_id, category_id) values (838, -3479, 'EDP Services', '2020-06-13', 7, 4);
insert into transaction (id, amount, comment, date, person_id, category_id) values (839, -8171, 'Major Banks', '2020-04-03', 21, 5);
insert into transaction (id, amount, comment, date, person_id, category_id) values (840, -79, 'Major Banks', '2020-10-26', 49, 2);
insert into transaction (id, amount, comment, date, person_id, category_id) values (841, -8019, 'Major Pharmaceuticals', '2020-09-09', 41, 1);
insert into transaction (id, amount, comment, date, person_id, category_id) values (842, 8558, 'n/a', '2021-02-18', 66, 2);
insert into transaction (id, amount, comment, date, person_id, category_id) values (843, -2634, 'Business Services', '2020-01-01', 55, 1);
insert into transaction (id, amount, comment, date, person_id, category_id) values (844, 6583, 'Shoe Manufacturing', '2020-06-11', 19, 4);
insert into transaction (id, amount, comment, date, person_id, category_id) values (845, 2901, 'Other Specialty Stores', '2021-01-05', 19, 1);
insert into transaction (id, amount, comment, date, person_id, category_id) values (846, 1863, 'EDP Services', '2020-02-20', 71, 3);
insert into transaction (id, amount, comment, date, person_id, category_id) values (847, 3668, 'n/a', '2021-01-02', 65, 4);
insert into transaction (id, amount, comment, date, person_id, category_id) values (848, -9075, 'n/a', '2020-01-04', 88, 5);
insert into transaction (id, amount, comment, date, person_id, category_id) values (849, -4155, 'Major Pharmaceuticals', '2020-08-02', 13, 5);
insert into transaction (id, amount, comment, date, person_id, category_id) values (850, -6326, 'Apparel', '2020-05-28', 72, 4);
insert into transaction (id, amount, comment, date, person_id, category_id) values (851, -2300, 'Oil & Gas Production', '2020-04-17', 56, 2);
insert into transaction (id, amount, comment, date, person_id, category_id) values (852, 3773, 'Beverages (Production/Distribution)', '2020-05-17', 39, 2);
insert into transaction (id, amount, comment, date, person_id, category_id) values (853, 8377, 'Major Banks', '2020-01-01', 87, 4);
insert into transaction (id, amount, comment, date, person_id, category_id) values (854, 6055, 'Railroads', '2021-02-06', 8, 4);
insert into transaction (id, amount, comment, date, person_id, category_id) values (855, -9297, 'Hospital/Nursing Management', '2020-06-01', 68, 3);
insert into transaction (id, amount, comment, date, person_id, category_id) values (856, 7409, 'Catalog/Specialty Distribution', '2021-01-09', 37, 5);
insert into transaction (id, amount, comment, date, person_id, category_id) values (857, -5401, 'Biotechnology: Electromedical & Electrotherapeutic Apparatus', '2020-07-09', 68, 1);
insert into transaction (id, amount, comment, date, person_id, category_id) values (858, 8905, 'n/a', '2021-02-27', 93, 1);
insert into transaction (id, amount, comment, date, person_id, category_id) values (859, 4096, 'Natural Gas Distribution', '2020-02-21', 10, 2);
insert into transaction (id, amount, comment, date, person_id, category_id) values (860, -9174, 'Marine Transportation', '2020-06-21', 24, 2);
insert into transaction (id, amount, comment, date, person_id, category_id) values (861, -9641, 'Finance: Consumer Services', '2020-09-19', 12, 5);
insert into transaction (id, amount, comment, date, person_id, category_id) values (862, -8365, 'n/a', '2020-07-29', 84, 1);
insert into transaction (id, amount, comment, date, person_id, category_id) values (863, -586, 'EDP Services', '2020-04-23', 30, 1);
insert into transaction (id, amount, comment, date, person_id, category_id) values (864, 7577, 'Power Generation', '2020-10-03', 27, 1);
insert into transaction (id, amount, comment, date, person_id, category_id) values (865, -5715, 'Real Estate Investment Trusts', '2020-09-25', 6, 2);
insert into transaction (id, amount, comment, date, person_id, category_id) values (866, -6311, 'Real Estate Investment Trusts', '2020-05-14', 100, 1);
insert into transaction (id, amount, comment, date, person_id, category_id) values (867, 5807, 'Restaurants', '2020-07-14', 49, 3);
insert into transaction (id, amount, comment, date, person_id, category_id) values (868, -6070, 'Electrical Products', '2021-03-06', 2, 5);
insert into transaction (id, amount, comment, date, person_id, category_id) values (869, -1142, 'n/a', '2020-11-03', 3, 3);
insert into transaction (id, amount, comment, date, person_id, category_id) values (870, 4196, 'Building Products', '2020-12-04', 11, 3);
insert into transaction (id, amount, comment, date, person_id, category_id) values (871, 66, 'Hotels/Resorts', '2020-11-26', 52, 2);
insert into transaction (id, amount, comment, date, person_id, category_id) values (872, -5790, 'Medical Specialities', '2020-04-15', 57, 2);
insert into transaction (id, amount, comment, date, person_id, category_id) values (873, 3290, 'Major Banks', '2021-01-30', 19, 5);
insert into transaction (id, amount, comment, date, person_id, category_id) values (874, -2179, 'n/a', '2020-10-11', 100, 2);
insert into transaction (id, amount, comment, date, person_id, category_id) values (875, 6797, 'Electric Utilities: Central', '2020-04-24', 22, 3);
insert into transaction (id, amount, comment, date, person_id, category_id) values (876, 5937, 'Major Banks', '2020-06-25', 84, 5);
insert into transaction (id, amount, comment, date, person_id, category_id) values (877, -8874, 'Business Services', '2020-08-11', 75, 5);
insert into transaction (id, amount, comment, date, person_id, category_id) values (878, 5264, 'Major Pharmaceuticals', '2020-07-28', 14, 4);
insert into transaction (id, amount, comment, date, person_id, category_id) values (879, -7253, 'Industrial Machinery/Components', '2020-05-10', 88, 4);
insert into transaction (id, amount, comment, date, person_id, category_id) values (880, -3613, 'Water Supply', '2021-01-27', 72, 4);
insert into transaction (id, amount, comment, date, person_id, category_id) values (881, 7934, 'Medical Specialities', '2020-02-19', 75, 2);
insert into transaction (id, amount, comment, date, person_id, category_id) values (882, 8820, 'Finance: Consumer Services', '2020-11-29', 7, 4);
insert into transaction (id, amount, comment, date, person_id, category_id) values (883, 4074, 'Medical/Nursing Services', '2020-03-30', 2, 4);
insert into transaction (id, amount, comment, date, person_id, category_id) values (884, -8743, 'Major Pharmaceuticals', '2020-06-07', 84, 3);
insert into transaction (id, amount, comment, date, person_id, category_id) values (885, 5716, 'Computer Software: Prepackaged Software', '2020-05-21', 89, 1);
insert into transaction (id, amount, comment, date, person_id, category_id) values (886, 4329, 'n/a', '2020-01-02', 96, 2);
insert into transaction (id, amount, comment, date, person_id, category_id) values (887, 7004, 'Savings Institutions', '2020-06-10', 27, 1);
insert into transaction (id, amount, comment, date, person_id, category_id) values (888, -6496, 'Miscellaneous manufacturing industries', '2020-02-16', 44, 2);
insert into transaction (id, amount, comment, date, person_id, category_id) values (889, -1326, 'Telecommunications Equipment', '2021-01-23', 31, 3);
insert into transaction (id, amount, comment, date, person_id, category_id) values (890, 7025, 'Other Specialty Stores', '2020-12-02', 99, 5);
insert into transaction (id, amount, comment, date, person_id, category_id) values (891, 7062, 'Biotechnology: Biological Products (No Diagnostic Substances)', '2020-09-19', 35, 2);
insert into transaction (id, amount, comment, date, person_id, category_id) values (892, 5572, 'Industrial Machinery/Components', '2020-09-08', 51, 1);
insert into transaction (id, amount, comment, date, person_id, category_id) values (893, 6642, 'n/a', '2020-05-29', 80, 3);
insert into transaction (id, amount, comment, date, person_id, category_id) values (894, -3925, 'Other Consumer Services', '2020-02-22', 62, 1);
insert into transaction (id, amount, comment, date, person_id, category_id) values (895, -523, 'Computer Software: Prepackaged Software', '2020-10-06', 28, 2);
insert into transaction (id, amount, comment, date, person_id, category_id) values (896, -1331, 'Specialty Insurers', '2020-07-15', 85, 1);
insert into transaction (id, amount, comment, date, person_id, category_id) values (897, 6841, 'n/a', '2020-05-17', 39, 4);
insert into transaction (id, amount, comment, date, person_id, category_id) values (898, 2626, 'n/a', '2020-03-26', 24, 4);
insert into transaction (id, amount, comment, date, person_id, category_id) values (899, -1430, 'n/a', '2020-02-24', 83, 5);
insert into transaction (id, amount, comment, date, person_id, category_id) values (900, 1163, 'Natural Gas Distribution', '2020-07-31', 71, 4);
insert into transaction (id, amount, comment, date, person_id, category_id) values (901, -8576, 'Package Goods/Cosmetics', '2021-02-21', 71, 5);
insert into transaction (id, amount, comment, date, person_id, category_id) values (902, -7, 'Investment Managers', '2020-08-26', 58, 4);
insert into transaction (id, amount, comment, date, person_id, category_id) values (903, -4828, 'Fluid Controls', '2020-07-31', 53, 3);
insert into transaction (id, amount, comment, date, person_id, category_id) values (904, -9647, 'Major Banks', '2020-08-21', 15, 2);
insert into transaction (id, amount, comment, date, person_id, category_id) values (905, -298, 'Biotechnology: Electromedical & Electrotherapeutic Apparatus', '2020-04-02', 47, 5);
insert into transaction (id, amount, comment, date, person_id, category_id) values (906, -9736, 'n/a', '2020-07-14', 42, 2);
insert into transaction (id, amount, comment, date, person_id, category_id) values (907, -2197, 'Oil Refining/Marketing', '2020-02-18', 38, 2);
insert into transaction (id, amount, comment, date, person_id, category_id) values (908, 1180, 'Restaurants', '2020-06-06', 55, 2);
insert into transaction (id, amount, comment, date, person_id, category_id) values (909, 6195, 'Restaurants', '2020-02-12', 10, 5);
insert into transaction (id, amount, comment, date, person_id, category_id) values (910, -8214, 'Real Estate Investment Trusts', '2020-08-05', 6, 2);
insert into transaction (id, amount, comment, date, person_id, category_id) values (911, 633, 'Paper', '2020-12-26', 58, 4);
insert into transaction (id, amount, comment, date, person_id, category_id) values (912, 2714, 'Business Services', '2020-07-08', 26, 4);
insert into transaction (id, amount, comment, date, person_id, category_id) values (913, 7671, 'Homebuilding', '2020-01-02', 19, 4);
insert into transaction (id, amount, comment, date, person_id, category_id) values (914, -1683, 'Industrial Machinery/Components', '2020-10-01', 35, 3);
insert into transaction (id, amount, comment, date, person_id, category_id) values (915, -186, 'n/a', '2020-02-14', 76, 2);
insert into transaction (id, amount, comment, date, person_id, category_id) values (916, 5003, 'Major Pharmaceuticals', '2021-03-04', 93, 1);
insert into transaction (id, amount, comment, date, person_id, category_id) values (917, 7575, 'n/a', '2020-06-09', 66, 5);
insert into transaction (id, amount, comment, date, person_id, category_id) values (918, 3309, 'Electric Utilities: Central', '2020-08-24', 91, 5);
insert into transaction (id, amount, comment, date, person_id, category_id) values (919, 1926, 'EDP Services', '2020-02-02', 86, 5);
insert into transaction (id, amount, comment, date, person_id, category_id) values (920, -3415, 'Commercial Banks', '2020-06-19', 14, 4);
insert into transaction (id, amount, comment, date, person_id, category_id) values (921, 5517, 'Industrial Specialties', '2020-05-12', 47, 3);
insert into transaction (id, amount, comment, date, person_id, category_id) values (922, -1136, 'Telecommunications Equipment', '2020-01-21', 56, 2);
insert into transaction (id, amount, comment, date, person_id, category_id) values (923, -3929, 'n/a', '2021-01-04', 6, 1);
insert into transaction (id, amount, comment, date, person_id, category_id) values (924, -3011, 'n/a', '2021-03-27', 22, 1);
insert into transaction (id, amount, comment, date, person_id, category_id) values (925, 2147, 'Property-Casualty Insurers', '2020-09-02', 51, 5);
insert into transaction (id, amount, comment, date, person_id, category_id) values (926, -3329, 'Computer Software: Programming, Data Processing', '2020-05-28', 45, 3);
insert into transaction (id, amount, comment, date, person_id, category_id) values (927, -9189, 'n/a', '2020-12-12', 22, 4);
insert into transaction (id, amount, comment, date, person_id, category_id) values (928, 6639, 'Major Banks', '2021-01-14', 82, 3);
insert into transaction (id, amount, comment, date, person_id, category_id) values (929, 7430, 'Broadcasting', '2020-06-25', 73, 3);
insert into transaction (id, amount, comment, date, person_id, category_id) values (930, -3870, 'Biotechnology: Electromedical & Electrotherapeutic Apparatus', '2021-02-13', 51, 4);
insert into transaction (id, amount, comment, date, person_id, category_id) values (931, 7871, 'n/a', '2020-08-26', 24, 3);
insert into transaction (id, amount, comment, date, person_id, category_id) values (932, 6639, 'Computer Manufacturing', '2020-06-15', 68, 2);
insert into transaction (id, amount, comment, date, person_id, category_id) values (933, 4872, 'Savings Institutions', '2021-01-13', 18, 5);
insert into transaction (id, amount, comment, date, person_id, category_id) values (934, -170, 'Steel/Iron Ore', '2020-07-16', 46, 1);
insert into transaction (id, amount, comment, date, person_id, category_id) values (935, 1439, 'n/a', '2020-08-13', 88, 5);
insert into transaction (id, amount, comment, date, person_id, category_id) values (936, -1627, 'Marine Transportation', '2020-05-20', 96, 1);
insert into transaction (id, amount, comment, date, person_id, category_id) values (937, 3457, 'Business Services', '2021-01-01', 86, 1);
insert into transaction (id, amount, comment, date, person_id, category_id) values (938, 8837, 'Power Generation', '2021-02-06', 52, 3);
insert into transaction (id, amount, comment, date, person_id, category_id) values (939, 2969, 'EDP Services', '2020-08-22', 97, 4);
insert into transaction (id, amount, comment, date, person_id, category_id) values (940, 963, 'Engineering & Construction', '2020-12-01', 10, 5);
insert into transaction (id, amount, comment, date, person_id, category_id) values (941, -419, 'Marine Transportation', '2020-08-04', 52, 4);
insert into transaction (id, amount, comment, date, person_id, category_id) values (942, -2341, 'Electric Utilities: Central', '2021-01-01', 50, 1);
insert into transaction (id, amount, comment, date, person_id, category_id) values (943, -3014, 'n/a', '2020-03-31', 19, 1);
insert into transaction (id, amount, comment, date, person_id, category_id) values (944, -6411, 'Business Services', '2020-12-04', 91, 5);
insert into transaction (id, amount, comment, date, person_id, category_id) values (945, -2543, 'EDP Services', '2020-04-14', 17, 1);
insert into transaction (id, amount, comment, date, person_id, category_id) values (946, 1002, 'Major Pharmaceuticals', '2021-01-24', 34, 5);
insert into transaction (id, amount, comment, date, person_id, category_id) values (947, 6351, 'Military/Government/Technical', '2020-01-14', 49, 3);
insert into transaction (id, amount, comment, date, person_id, category_id) values (948, 1299, 'n/a', '2021-03-27', 81, 2);
insert into transaction (id, amount, comment, date, person_id, category_id) values (949, -5620, 'Auto Manufacturing', '2020-12-24', 64, 3);
insert into transaction (id, amount, comment, date, person_id, category_id) values (950, -4827, 'Package Goods/Cosmetics', '2020-02-03', 76, 5);
insert into transaction (id, amount, comment, date, person_id, category_id) values (951, 7282, 'n/a', '2021-03-25', 13, 4);
insert into transaction (id, amount, comment, date, person_id, category_id) values (952, -804, 'Oil & Gas Production', '2020-03-02', 76, 3);
insert into transaction (id, amount, comment, date, person_id, category_id) values (953, -9112, 'EDP Services', '2020-01-10', 21, 1);
insert into transaction (id, amount, comment, date, person_id, category_id) values (954, 7145, 'Power Generation', '2021-01-16', 56, 5);
insert into transaction (id, amount, comment, date, person_id, category_id) values (955, -7133, 'Industrial Machinery/Components', '2020-10-02', 77, 5);
insert into transaction (id, amount, comment, date, person_id, category_id) values (956, 477, 'n/a', '2021-01-08', 43, 3);
insert into transaction (id, amount, comment, date, person_id, category_id) values (957, -2407, 'Industrial Specialties', '2021-02-01', 3, 3);
insert into transaction (id, amount, comment, date, person_id, category_id) values (958, 2591, 'Diversified Commercial Services', '2020-06-08', 95, 2);
insert into transaction (id, amount, comment, date, person_id, category_id) values (959, -9377, 'n/a', '2020-01-31', 51, 2);
insert into transaction (id, amount, comment, date, person_id, category_id) values (960, -8398, 'Other Specialty Stores', '2020-04-08', 37, 4);
insert into transaction (id, amount, comment, date, person_id, category_id) values (961, -7730, 'Business Services', '2021-02-04', 38, 1);
insert into transaction (id, amount, comment, date, person_id, category_id) values (962, 2112, 'Computer Software: Programming, Data Processing', '2020-01-16', 53, 2);
insert into transaction (id, amount, comment, date, person_id, category_id) values (963, 2350, 'Auto Parts:O.E.M.', '2020-01-29', 26, 5);
insert into transaction (id, amount, comment, date, person_id, category_id) values (964, -7797, 'Hospital/Nursing Management', '2020-05-07', 36, 1);
insert into transaction (id, amount, comment, date, person_id, category_id) values (965, -9576, 'EDP Services', '2021-04-03', 34, 2);
insert into transaction (id, amount, comment, date, person_id, category_id) values (966, -4843, 'Computer peripheral equipment', '2021-01-08', 38, 1);
insert into transaction (id, amount, comment, date, person_id, category_id) values (967, -8431, 'Major Banks', '2020-04-18', 95, 4);
insert into transaction (id, amount, comment, date, person_id, category_id) values (968, -2281, 'Business Services', '2020-07-02', 35, 1);
insert into transaction (id, amount, comment, date, person_id, category_id) values (969, 7310, 'n/a', '2020-05-07', 79, 4);
insert into transaction (id, amount, comment, date, person_id, category_id) values (970, 2298, 'Paper', '2020-03-13', 92, 2);
insert into transaction (id, amount, comment, date, person_id, category_id) values (971, 4622, 'n/a', '2020-02-24', 74, 3);
insert into transaction (id, amount, comment, date, person_id, category_id) values (972, 4242, 'Telecommunications Equipment', '2020-03-16', 66, 2);
insert into transaction (id, amount, comment, date, person_id, category_id) values (973, 8309, 'Industrial Specialties', '2020-06-23', 29, 3);
insert into transaction (id, amount, comment, date, person_id, category_id) values (974, -3408, 'Industrial Machinery/Components', '2020-06-03', 6, 3);
insert into transaction (id, amount, comment, date, person_id, category_id) values (975, -3476, 'n/a', '2020-02-12', 48, 2);
insert into transaction (id, amount, comment, date, person_id, category_id) values (976, 7646, 'n/a', '2020-11-24', 87, 4);
insert into transaction (id, amount, comment, date, person_id, category_id) values (977, -6155, 'Biotechnology: Commercial Physical & Biological Resarch', '2020-07-15', 47, 3);
insert into transaction (id, amount, comment, date, person_id, category_id) values (978, -1031, 'n/a', '2020-10-31', 15, 4);
insert into transaction (id, amount, comment, date, person_id, category_id) values (979, -2359, 'n/a', '2020-02-02', 82, 4);
insert into transaction (id, amount, comment, date, person_id, category_id) values (980, 2746, 'Real Estate Investment Trusts', '2020-03-16', 14, 1);
insert into transaction (id, amount, comment, date, person_id, category_id) values (981, 5921, 'Property-Casualty Insurers', '2020-10-14', 18, 5);
insert into transaction (id, amount, comment, date, person_id, category_id) values (982, -5399, 'Real Estate Investment Trusts', '2021-02-10', 45, 4);
insert into transaction (id, amount, comment, date, person_id, category_id) values (983, 3699, 'n/a', '2020-05-08', 73, 4);
insert into transaction (id, amount, comment, date, person_id, category_id) values (984, 5563, 'Hospital/Nursing Management', '2020-04-19', 18, 3);
insert into transaction (id, amount, comment, date, person_id, category_id) values (985, -5081, 'Medical Specialities', '2020-05-22', 13, 1);
insert into transaction (id, amount, comment, date, person_id, category_id) values (986, -2947, 'Oil & Gas Production', '2021-01-09', 51, 3);
insert into transaction (id, amount, comment, date, person_id, category_id) values (987, 7595, 'Major Pharmaceuticals', '2021-02-24', 5, 2);
insert into transaction (id, amount, comment, date, person_id, category_id) values (988, 7972, 'Services-Misc. Amusement & Recreation', '2020-02-01', 3, 2);
insert into transaction (id, amount, comment, date, person_id, category_id) values (989, -8902, 'n/a', '2021-03-28', 42, 5);
insert into transaction (id, amount, comment, date, person_id, category_id) values (990, -6889, 'Steel/Iron Ore', '2020-11-19', 57, 1);
insert into transaction (id, amount, comment, date, person_id, category_id) values (991, -1367, 'Packaged Foods', '2020-01-15', 35, 5);
insert into transaction (id, amount, comment, date, person_id, category_id) values (992, 8637, 'Life Insurance', '2020-10-02', 37, 1);
insert into transaction (id, amount, comment, date, person_id, category_id) values (993, -174, 'Business Services', '2021-03-03', 12, 2);
insert into transaction (id, amount, comment, date, person_id, category_id) values (994, 3953, 'n/a', '2021-03-25', 50, 2);
insert into transaction (id, amount, comment, date, person_id, category_id) values (995, -5460, 'Major Pharmaceuticals', '2020-04-24', 8, 3);
insert into transaction (id, amount, comment, date, person_id, category_id) values (996, -8046, 'Oil & Gas Production', '2020-01-30', 47, 3);
insert into transaction (id, amount, comment, date, person_id, category_id) values (997, 1665, 'n/a', '2021-01-26', 80, 1);
insert into transaction (id, amount, comment, date, person_id, category_id) values (998, -5084, 'Savings Institutions', '2021-03-22', 17, 3);
insert into transaction (id, amount, comment, date, person_id, category_id) values (999, 3553, 'Major Banks', '2020-07-24', 96, 1);
insert into transaction (id, amount, comment, date, person_id, category_id) values (1000, -5086, 'Savings Institutions', '2020-05-31', 15, 1);